,filename,width,height,class,xmin,ymin,xmax,ymax,split
0,8_jpg.rf.b71e4869e2829b6f742867a1044e143c.jpg,640,640,Cotton Candy,306,200,353,277,train
1,8_jpg.rf.b71e4869e2829b6f742867a1044e143c.jpg,640,640,Cotton Candy Tent,144,151,274,325,train
2,16_jpg.rf.b4242f190111da88dc7ae4aa5843df09.jpg,640,640,Stall Umbr,157,24,415,545,train
3,71_jpg.rf.b92f630d8314463484a06e2cfd378a8e.jpg,640,640,Flowers,20,37,620,610,train
4,2_jpg.rf.ad5320a6e1c2f940e99d22584b47823a.jpg,640,640,Box of Products,122,130,268,276,train
5,2_jpg.rf.ad5320a6e1c2f940e99d22584b47823a.jpg,640,640,Box of Products,206,142,363,297,train
6,2_jpg.rf.ad5320a6e1c2f940e99d22584b47823a.jpg,640,640,Box of Products,304,148,456,320,train
7,2_jpg.rf.ad5320a6e1c2f940e99d22584b47823a.jpg,640,640,Box of Products,403,159,584,357,train
8,2_jpg.rf.ad5320a6e1c2f940e99d22584b47823a.jpg,640,640,Box of Products,79,273,219,433,train
9,2_jpg.rf.ad5320a6e1c2f940e99d22584b47823a.jpg,640,640,Box of Products,127,274,314,472,train
10,2_jpg.rf.ad5320a6e1c2f940e99d22584b47823a.jpg,640,640,Box of Products,243,309,452,489,train
11,2_jpg.rf.ad5320a6e1c2f940e99d22584b47823a.jpg,640,640,Box of Products,429,339,568,568,train
12,2_jpg.rf.ad5320a6e1c2f940e99d22584b47823a.jpg,640,640,Box of Products,268,435,432,619,train
13,29_jpg.rf.b4152f67d9a81c5aec271a97e45573e1.jpg,640,640,Kvas,30,177,395,573,train
15,62_jpg.rf.b044ce012dbbbcb482ab62614887a821.jpg,640,640,Flowers,0,141,613,540,train
16,36_jpeg.rf.b933b3056546d74317986c07d384b3ca.jpg,640,640,Cotton Candy Tent,21,183,235,360,train
17,35_jpg.rf.b32a846ce29e7a096720a8d313aceaac.jpg,640,640,Box of Products,336,438,454,613,train
18,35_jpg.rf.b32a846ce29e7a096720a8d313aceaac.jpg,640,640,Box of Products,451,382,550,554,train
19,35_jpg.rf.b32a846ce29e7a096720a8d313aceaac.jpg,640,640,Box of Products,290,399,404,542,train
20,35_jpg.rf.b32a846ce29e7a096720a8d313aceaac.jpg,640,640,Box of Products,394,371,491,452,train
21,35_jpg.rf.b32a846ce29e7a096720a8d313aceaac.jpg,640,640,Box of Products,359,351,450,422,train
22,35_jpg.rf.b32a846ce29e7a096720a8d313aceaac.jpg,640,640,Box of Products,437,283,529,384,train
23,35_jpg.rf.b32a846ce29e7a096720a8d313aceaac.jpg,640,640,Box of Products,404,277,477,361,train
24,35_jpg.rf.b32a846ce29e7a096720a8d313aceaac.jpg,640,640,Box of Products,374,262,445,330,train
25,35_jpg.rf.b32a846ce29e7a096720a8d313aceaac.jpg,640,640,Box of Products,266,363,362,485,train
26,35_jpg.rf.b32a846ce29e7a096720a8d313aceaac.jpg,640,640,Box of Products,237,362,319,468,train
27,35_jpg.rf.b32a846ce29e7a096720a8d313aceaac.jpg,640,640,Box of Products,347,235,415,309,train
28,35_jpg.rf.b32a846ce29e7a096720a8d313aceaac.jpg,640,640,Box of Products,324,240,385,302,train
29,35_jpg.rf.b32a846ce29e7a096720a8d313aceaac.jpg,640,640,Box of Products,271,295,350,350,train
30,35_jpg.rf.b32a846ce29e7a096720a8d313aceaac.jpg,640,640,Box of Products,221,346,294,426,train
31,35_jpg.rf.b32a846ce29e7a096720a8d313aceaac.jpg,640,640,Box of Products,295,306,397,373,train
32,35_jpg.rf.b32a846ce29e7a096720a8d313aceaac.jpg,640,640,Box of Products,185,361,226,429,train
33,35_jpg.rf.b32a846ce29e7a096720a8d313aceaac.jpg,640,640,Box of Products,186,353,208,386,train
34,35_jpg.rf.b32a846ce29e7a096720a8d313aceaac.jpg,640,640,Box of Products,207,318,273,376,train
36,4_jpg.rf.b2ce7dd2a20f4c23619d0f211d0c232d.jpg,640,640,Flowers,108,96,508,605,train
37,122_jpg.rf.b2508000f4617b820e0d8546ca7bc7fa.jpg,640,640,Flowers,0,33,591,561,train
38,38_JPG.rf.b4c79e22b676cb9bb63732c501b34f17.jpg,640,640,Stall Umbr,71,79,414,483,train
39,32_jpg.rf.b70b1c6605955fe0ceaad95e046812a0.jpg,640,640,Flowers,20,6,620,632,train
40,24_jpg.rf.b1de0a8472b4dd7dd079a40c0e08d494.jpg,640,640,Cotton Candy,338,174,448,286,train
41,50_JPG.rf.b99dc0c48ac96b0c411a2e45582cecf2.jpg,640,640,Trunk,330,155,565,424,train
42,48_jpg.rf.b92a57dda29529bb50a2745199d421ab.jpg,640,640,Flowers,31,49,576,535,train
43,27_jpg.rf.b4bffa5ce137b4f136eda62247d755fd.jpg,640,640,Different items,102,228,594,640,train
44,27_jpg.rf.b4bffa5ce137b4f136eda62247d755fd.jpg,640,640,Different items,366,118,630,305,train
45,74_jpg.rf.b9aa5302cb8d0b8e3a9e0ec56dd84b98.jpg,640,640,Flowers,59,138,625,440,train
49,131_jpg.rf.b4432f71bfa75762cfda7f81e18af47c.jpg,640,640,Flowers,114,33,573,640,train
50,30_jpg.rf.b64b05bc0699e232bff30201fed091a0.jpg,640,640,Cotton Candy,189,380,282,458,train
51,30_jpg.rf.b64b05bc0699e232bff30201fed091a0.jpg,640,640,Cotton Candy Tent,80,405,328,486,train
52,16_jpg.rf.b0b678495bc8d1a52aeacdb1c357559a.jpg,640,640,Balloons,43,0,193,214,train
63,79_jpg.rf.ba80b9d4219b5529b4969c527b5995a7.jpg,640,640,Flowers,51,0,640,639,train
64,56_jpg.rf.ba777eaf9caf903589f176bdbe977c7a.jpg,640,640,Kvas,29,4,485,640,train
89,31_jpg.rf.bb4c5792dc8c17bcb8f1f2a68e36f1a2.jpg,640,640,Flowers,2,20,640,612,train
90,73_jpg.rf.bd5446c93c7045e0286c017297212ed1.jpg,640,640,Kvas bottle,480,188,545,339,train
91,73_jpg.rf.bd5446c93c7045e0286c017297212ed1.jpg,640,640,Kvas bottle,417,202,481,338,train
92,73_jpg.rf.bd5446c93c7045e0286c017297212ed1.jpg,640,640,Kvas bottle,368,215,422,330,train
93,91_jpeg.rf.bd2826139f0ca518b1a1c1ddc51bed62.jpg,640,640,Flowers,43,144,540,533,train
94,85_jpg.rf.bd209015355765560996611e39760c08.jpg,640,640,Flowers,38,44,577,563,train
95,39_JPG.rf.bd8e2b78a4e21d31bfe30e558d00c708.jpg,640,640,Stall Umbr,22,3,473,541,train
96,39_JPG.rf.bd8e2b78a4e21d31bfe30e558d00c708.jpg,640,640,Stall Umbr,359,75,639,431,train
97,4_jpg.rf.bd031c7eed64e6999fe01e8a9d9f29b2.jpg,640,640,Flowers,52,17,617,640,train
98,81_jpg.rf.be489be72b503852afd16408e716788e.jpg,640,640,Flowers,15,100,591,607,train
99,55_jpg.rf.be58bc1712635ac0d9f5bfab37752b9b.jpg,640,640,Kvas,264,192,569,563,train
100,26_jpg.rf.bdf6de060d0b7c4831c4adfe6b607acb.jpg,640,640,Different items,1,416,581,635,train
101,26_jpg.rf.bdf6de060d0b7c4831c4adfe6b607acb.jpg,640,640,Different items,442,381,640,541,train
102,26_jpg.rf.bdf6de060d0b7c4831c4adfe6b607acb.jpg,640,640,Different items,218,285,612,357,train
103,22_jpg.rf.bf986096d9f9d6f611336a4863b4eb41.jpg,640,640,Flowers,89,44,553,608,train
105,25_jpg.rf.bfb0528980995fa7c99fe3c21f520e81.jpg,640,640,Kvas,118,178,449,598,train
106,66_jpg.rf.c16763eba10e12872083dd4e824c9f13.jpg,640,640,Flowers,44,69,614,456,train
109,76_jpg.rf.c26217d98bc04287ff240b4034c59217.jpg,640,640,Flowers,89,18,570,404,train
111,19_jpg.rf.c1df2f76332ba14f537493ea4f466f53.jpg,640,640,Stall Umbr,169,100,465,532,train
113,75_jpg.rf.c2a1f2ed9235e5a57476a39470531c7b.jpg,640,640,Flowers,8,23,627,640,train
114,47_jpg.rf.c35dd38e5bca8d7f16a15abeb20a54ad.jpg,640,640,Different items,35,268,599,561,train
115,47_jpg.rf.c35dd38e5bca8d7f16a15abeb20a54ad.jpg,640,640,Different items,2,78,64,119,train
116,91_jpg.rf.c605db81e8c927f7a959c5a37969d9ed.jpg,640,640,Flowers,33,51,584,640,train
117,3_jpg.rf.c4614e58b68a8d559e2990be99d30a16.jpg,640,640,Kvas bottle,259,272,405,639,train
118,3_jpg.rf.c4614e58b68a8d559e2990be99d30a16.jpg,640,640,Kvas bottle,351,256,478,554,train
121,14_jpg.rf.c611c8f01ed29073227f4d443b67864b.jpg,640,640,Box of Products,280,362,341,402,train
122,14_jpg.rf.c611c8f01ed29073227f4d443b67864b.jpg,640,640,Box of Products,246,362,297,395,train
123,14_jpg.rf.c611c8f01ed29073227f4d443b67864b.jpg,640,640,Box of Products,166,342,218,377,train
124,14_jpg.rf.c611c8f01ed29073227f4d443b67864b.jpg,640,640,Box of Products,151,341,195,373,train
125,14_jpg.rf.c611c8f01ed29073227f4d443b67864b.jpg,640,640,Box of Products,191,359,234,382,train
126,14_jpg.rf.c611c8f01ed29073227f4d443b67864b.jpg,640,640,Box of Products,340,355,390,381,train
127,14_jpg.rf.c611c8f01ed29073227f4d443b67864b.jpg,640,640,Box of Products,53,396,83,414,train
128,14_jpg.rf.c611c8f01ed29073227f4d443b67864b.jpg,640,640,Box of Products,67,397,88,418,train
129,14_jpg.rf.c611c8f01ed29073227f4d443b67864b.jpg,640,640,Box of Products,175,426,225,467,train
130,14_jpg.rf.c611c8f01ed29073227f4d443b67864b.jpg,640,640,Box of Products,217,329,255,356,train
131,14_jpg.rf.c611c8f01ed29073227f4d443b67864b.jpg,640,640,Box of Products,104,408,128,438,train
132,14_jpg.rf.c611c8f01ed29073227f4d443b67864b.jpg,640,640,Box of Products,200,437,244,471,train
133,14_jpg.rf.c611c8f01ed29073227f4d443b67864b.jpg,640,640,Box of Products,68,333,87,358,train
134,14_jpg.rf.c611c8f01ed29073227f4d443b67864b.jpg,640,640,Box of Products,163,403,203,425,train
135,14_jpg.rf.c611c8f01ed29073227f4d443b67864b.jpg,640,640,Box of Products,218,367,250,385,train
136,14_jpg.rf.c611c8f01ed29073227f4d443b67864b.jpg,640,640,Box of Products,164,318,186,345,train
137,4_jpg.rf.c6fd6bb140d126aa783b588a5ee83181.jpg,640,640,Balloons,216,8,402,240,train
138,28_jpg.rf.c6bfad5e1bca96b09a478291aadea099.jpg,640,640,Different items,44,530,388,640,train
139,28_jpg.rf.c6bfad5e1bca96b09a478291aadea099.jpg,640,640,Different items,220,386,425,520,train
140,28_jpg.rf.c6bfad5e1bca96b09a478291aadea099.jpg,640,640,Different items,282,332,444,401,train
141,28_jpg.rf.c6bfad5e1bca96b09a478291aadea099.jpg,640,640,Different items,337,290,447,332,train
142,28_jpg.rf.c6bfad5e1bca96b09a478291aadea099.jpg,640,640,Different items,370,244,481,299,train
143,15_jpg.rf.c6ba9214c356e77f7f7f3a3560449886.jpg,640,640,Balloons,133,95,477,508,train
144,54_jpg.rf.c806ea9844cc9182166d98998b0489d0.jpg,640,640,Flowers,49,34,483,596,train
152,93_jpg.rf.c80790ec1d7599e16576432f31db9521.jpg,640,640,Flowers,38,113,566,576,train
153,116_jpg.rf.c85e451d5f3205e98bccf3039f560110.jpg,640,640,Flowers,174,13,471,481,train
154,89_jpg.rf.c8b0ab033c60f429a7f7545fde2b71d5.jpg,640,640,Flowers,54,78,640,631,train
155,42_jpg.rf.c918f7b116cb0685c1145c01dfdfe300.jpg,640,640,Flowers,84,240,568,583,train
156,20_jpg.rf.c9e995895c929aeeedddb96d3c6982f9.jpg,640,640,Flowers,21,10,603,636,train
157,5_jpg.rf.ca3e674128057bd0460dff864200eea8.jpg,640,640,Trunk,36,262,382,456,train
158,91_jpg.rf.cb8a90eb4f7724034662b4e3f62aed81.jpg,640,640,Kvas bottle,390,209,471,334,train
159,91_jpg.rf.cb8a90eb4f7724034662b4e3f62aed81.jpg,640,640,Kvas bottle,324,209,392,326,train
160,32_jpg.rf.cbbaa012e59456ac2db86cd4c0199c82.jpg,640,640,Flowers,9,59,581,591,train
161,81_jpg.rf.cc781e156fcd525ce46e5b7736d69d03.jpg,640,640,Kvas,209,168,588,523,train
163,95_jpg.rf.ccc47465d9d29455b8b620f02165c874.jpg,640,640,Stall,0,139,640,495,train
164,4_jpg.rf.cb9026c4267ec1d6db3a9aa034b9088c.jpg,640,640,Stall Umbr,62,59,633,595,train
168,45_jpg.rf.ce2384cbf8c36331fc40a451210e749f.jpg,640,640,Trunk,311,250,568,462,train
169,100_JPG.rf.ce1179ec5690a0dfcb5db79d950c60ec.jpg,640,640,Flowers,18,44,613,613,train
170,11_jpg.rf.cea9a9043c248eecc3179948a4ba1ae0.jpg,640,640,Different items,0,358,363,640,train
171,20_jpg.rf.cecccb7b1e0051c9378d9647cdbbed4d.jpg,640,640,Different items,1,526,178,640,train
172,20_jpg.rf.cecccb7b1e0051c9378d9647cdbbed4d.jpg,640,640,Different items,35,358,224,523,train
173,20_jpg.rf.cecccb7b1e0051c9378d9647cdbbed4d.jpg,640,640,Different items,338,302,640,640,train
174,20_jpg.rf.cecccb7b1e0051c9378d9647cdbbed4d.jpg,640,640,Different items,175,295,266,363,train
175,20_jpg.rf.cecccb7b1e0051c9378d9647cdbbed4d.jpg,640,640,Different items,466,284,572,388,train
177,51_jpg.rf.cfc5f7cd66f4f3b853fd326ecc85b19a.jpg,640,640,Flowers,0,0,640,640,train
179,75_jpg.rf.d0aec466f7eb420b7367af9e4a05a2b5.jpg,640,640,Flowers,118,181,536,616,train
180,69_jpg.rf.d00443a4f00f2817d724ceb0feb3da19.jpg,640,640,Kvas bottle,368,222,442,362,train
181,3_jpg.rf.d0905d1695adee36d856e79988e55312.jpg,640,640,Flowers,93,12,577,619,train
182,85_jpg.rf.d172b828e491a72c79aea3c3e45df3f5.jpg,640,640,Box of Products,362,450,445,522,train
183,85_jpg.rf.d172b828e491a72c79aea3c3e45df3f5.jpg,640,640,Box of Products,442,397,503,451,train
184,85_jpg.rf.d172b828e491a72c79aea3c3e45df3f5.jpg,640,640,Box of Products,371,403,409,438,train
186,55_jpg.rf.d388073a77a9a8587b1e4037c161a993.jpg,640,640,Flowers,15,173,615,630,train
187,20_jpg.rf.d47664b81d7408dda1c04c0a165d052d.jpg,640,640,Trunk,121,63,614,512,train
188,38_jpg.rf.d45658b1e88386b8735b53efb0805b59.jpg,640,640,Flowers,0,27,566,466,train
189,110_jpg.rf.d4ec669f0504f22967a680d3f59317ec.jpg,640,640,Flowers,72,28,581,627,train
192,59_jpg.rf.d4a9cfb66b3e99b62fbce30d35810f7f.jpg,640,640,Kvas,12,96,395,537,train
193,27_jpg.rf.d42ed58ea07addbcb128c3b2dfc74b8e.jpg,640,640,Box of Products,234,251,321,333,train
194,27_jpg.rf.d42ed58ea07addbcb128c3b2dfc74b8e.jpg,640,640,Box of Products,188,281,235,318,train
195,27_jpg.rf.d42ed58ea07addbcb128c3b2dfc74b8e.jpg,640,640,Box of Products,211,261,254,325,train
196,27_jpg.rf.d42ed58ea07addbcb128c3b2dfc74b8e.jpg,640,640,Box of Products,168,271,210,317,train
197,27_jpg.rf.d42ed58ea07addbcb128c3b2dfc74b8e.jpg,640,640,Box of Products,147,273,184,314,train
198,27_jpg.rf.d42ed58ea07addbcb128c3b2dfc74b8e.jpg,640,640,Box of Products,135,276,171,308,train
199,23_jpg.rf.d6bc96bdba2911280c43c5d79e8ccc91.jpg,640,640,Kvas bottle,199,186,316,358,train
200,23_jpg.rf.d6bc96bdba2911280c43c5d79e8ccc91.jpg,640,640,Kvas bottle,199,332,319,555,train
201,35_jpg.rf.d6a312c703d2cd5462e2d1df41a29112.jpg,640,640,Different items,162,392,545,577,train
202,35_jpg.rf.d6a312c703d2cd5462e2d1df41a29112.jpg,640,640,Different items,286,349,408,408,train
203,35_jpg.rf.d6a312c703d2cd5462e2d1df41a29112.jpg,640,640,Different items,356,378,511,450,train
204,35_jpg.rf.d6a312c703d2cd5462e2d1df41a29112.jpg,640,640,Different items,238,321,398,374,train
205,35_jpg.rf.d6a312c703d2cd5462e2d1df41a29112.jpg,640,640,Different items,136,330,249,414,train
206,35_jpg.rf.d6a312c703d2cd5462e2d1df41a29112.jpg,640,640,Different items,182,588,587,640,train
207,35_jpg.rf.d6a312c703d2cd5462e2d1df41a29112.jpg,640,640,Different items,0,447,202,640,train
208,35_jpg.rf.d6a312c703d2cd5462e2d1df41a29112.jpg,640,640,Different items,0,369,137,441,train
210,27_jpg.rf.d77a6e1373dee647614f58574b16531b.jpg,640,640,Stall Umbr,18,25,618,596,train
226,14_jpg.rf.d8cbdcfebf1a362eefb85a082848a8e7.jpg,640,640,Trunk,105,129,462,496,train
227,89_jpg.rf.d9581fb546b3687fa4abdf182328ce1f.jpg,640,640,Kvas,102,0,640,640,train
229,42_jpg.rf.dbc81f6c030a51013654401c2e7e4fc6.jpg,640,640,Box of Products,256,329,341,388,train
230,42_jpg.rf.dbc81f6c030a51013654401c2e7e4fc6.jpg,640,640,Box of Products,170,470,330,640,train
231,42_jpg.rf.dbc81f6c030a51013654401c2e7e4fc6.jpg,640,640,Box of Products,243,432,420,533,train
232,63_jpg.rf.dcb3e8c63f1a2437146e94d45e730f90.jpg,640,640,Flowers,0,41,607,632,train
233,12_jpg.rf.dad4e077abb73da387b00faf4d5e0494.jpg,640,640,Cotton Candy,146,213,231,286,train
234,12_jpg.rf.dad4e077abb73da387b00faf4d5e0494.jpg,640,640,Cotton Candy,2,225,70,298,train
235,12_jpg.rf.dad4e077abb73da387b00faf4d5e0494.jpg,640,640,Cotton Candy Tent,287,384,406,430,train
236,10_jpg.rf.da053c2d2db631040f8a5325aab7fc73.jpg,640,640,Different items,314,339,640,515,train
237,10_jpg.rf.da053c2d2db631040f8a5325aab7fc73.jpg,640,640,Different items,0,504,246,639,train
238,10_jpg.rf.da053c2d2db631040f8a5325aab7fc73.jpg,640,640,Different items,0,395,172,502,train
239,10_jpg.rf.da053c2d2db631040f8a5325aab7fc73.jpg,640,640,Different items,109,323,235,393,train
240,10_jpg.rf.da053c2d2db631040f8a5325aab7fc73.jpg,640,640,Different items,313,300,410,336,train
241,10_jpg.rf.da053c2d2db631040f8a5325aab7fc73.jpg,640,640,Different items,266,275,348,319,train
245,2_jpg.rf.de078336a6301a69da9d167215f9c296.jpg,640,640,Flowers,175,108,485,600,train
246,25_jpg.rf.ddc2f4b5d7e98181c066ae2ef581fa33.jpg,640,640,Cotton Candy,277,180,613,372,train
247,25_jpg.rf.ddc2f4b5d7e98181c066ae2ef581fa33.jpg,640,640,Cotton Candy Tent,174,324,627,570,train
252,2_jpg.rf.ddc49d69b098325644069e7b4553be4e.jpg,640,640,Trunk,212,102,544,483,train
253,57_jpg.rf.e0894406f154e7846444d6dfdf4aa68f.jpg,640,640,Stall,9,191,520,587,train
254,44_jpg.rf.e0b4accc42de92a7e9e1c5cba824ea8f.jpg,640,640,Trunk,324,147,453,323,train
258,95_png_jpg.rf.df53f9bbe373a7e206e43e68325e0711.jpg,640,640,Kvas,78,15,577,640,train
259,14_jpg.rf.e275b461a446b17699b89c63269944ed.jpg,640,640,Flowers,64,30,574,618,train
265,65_jpg.rf.e2179b724e114c3e13b6ecd708328343.jpg,640,640,Kvas bottle,384,230,410,298,train
266,65_jpg.rf.e2179b724e114c3e13b6ecd708328343.jpg,640,640,Kvas bottle,333,227,361,292,train
267,10_jpg.rf.e2fe94296c8b674f2aa63d3c178e8d8e.jpg,640,640,Cotton Candy,421,301,504,406,train
268,10_jpg.rf.e2fe94296c8b674f2aa63d3c178e8d8e.jpg,640,640,Cotton Candy,152,304,219,382,train
269,35_jpg.rf.e2f75a9d8281a9685fde86a860a15fe3.jpg,640,640,Balloons,0,47,519,319,train
271,14_JPG_jpg.rf.e4851022e1511c79cf9416def0c082ee.jpg,640,640,Balloons,322,199,543,526,train
272,14_JPG_jpg.rf.e4851022e1511c79cf9416def0c082ee.jpg,640,640,Balloons,184,39,369,293,train
274,2_jpg.rf.e68c79a2dcd7f4f2599856a4fb9b433c.jpg,640,640,Flowers,18,10,624,618,train
279,46_jpg.rf.e93965dfb4ff66cc7e759a53eda2a621.jpg,640,640,Flowers,13,13,630,626,train
280,90_jpg.rf.e6041f64b6cc092589a7f5433cc64b1f.jpg,640,640,Flowers,38,15,594,640,train
282,31_JPG_jpg.rf.e66c40d2d1f67be1f54e869005df2e68.jpg,640,640,Balloons,31,6,529,412,train
283,42_jpg.rf.e8639e58a5093f791878d4cf84d94753.jpg,640,640,Cotton Candy,392,293,486,364,train
284,91_jpg.rf.ea8783076ec86a101fc9ff7637c68c86.jpg,640,640,Stall,35,211,545,592,train
285,14_jpg.rf.e757b7d7b63c810b393285640aba00f5.jpg,640,640,Stall,114,216,441,602,train
286,79_jpg.rf.ebc1e2a23adb26fd70b743585b613404.jpg,640,640,Kvas,190,93,636,573,train
287,19_jpg.rf.eb6d72ba59b9d550b134b4829bd18260.jpg,640,640,Balloons,106,0,474,634,train
288,52_jpg.rf.eab33524080d9171a8a2204bf1220f3e.jpg,640,640,Flowers,28,33,640,640,train
289,8_png_jpg.rf.ecaaca97210aac00eb07a02354ac67a4.jpg,640,640,Kvas bottle,236,131,337,391,train
290,8_png_jpg.rf.ecaaca97210aac00eb07a02354ac67a4.jpg,640,640,Kvas bottle,203,137,243,316,train
291,42_jpg.rf.ec124061fc0fef120419a4e4d3e4f887.jpg,640,640,Trunk,226,182,311,332,train
292,42_jpg.rf.ec124061fc0fef120419a4e4d3e4f887.jpg,640,640,Trunk,342,189,514,326,train
293,31_jpg.rf.ec19b236c8bcebd229aa74ef0ea2ebce.jpg,640,640,Stall,111,128,481,582,train
294,104_jpg.rf.eaeb9258a2fbee33f10970b0bf85afdd.jpg,640,640,Flowers,41,36,584,522,train
295,85_jpg.rf.eceaab4f4a991c07a1b22fa07fc2b2f3.jpg,640,640,Flowers,89,58,548,574,train
296,32_jpg.rf.ed82c4d007547e36227198891a131b04.jpg,640,640,Cotton Candy Tent,98,20,371,308,train
297,19_jpg.rf.ecefb647ac56e4f56590a4bb5aeff7f8.jpg,640,640,Different items,330,263,640,388,train
298,19_jpg.rf.ecefb647ac56e4f56590a4bb5aeff7f8.jpg,640,640,Different items,182,423,638,640,train
299,19_jpg.rf.ecefb647ac56e4f56590a4bb5aeff7f8.jpg,640,640,Different items,466,209,640,277,train
300,60_jpg.rf.ef03ac39424e44d829baf0e84ef11353.jpg,640,640,Flowers,0,115,640,640,train
301,13_jpg.rf.ed187e380274b543c6522c027cdaeec5.jpg,640,640,Trunk,143,93,327,349,train
302,52_jpg.rf.f00d537e78d3ec24fca53b465855ff9e.jpg,640,640,Stall,133,216,449,609,train
303,1_jpg.rf.f071f529f2f09e09664a8f0d4b45563c.jpg,640,640,Cotton Candy Tent,125,486,257,568,train
304,7_jpg.rf.edd4ef9b1fc32a060cdf3cd99e5aefd3.jpg,640,640,Different items,403,420,640,561,train
305,7_jpg.rf.edd4ef9b1fc32a060cdf3cd99e5aefd3.jpg,640,640,Different items,491,554,640,632,train
306,7_jpg.rf.edd4ef9b1fc32a060cdf3cd99e5aefd3.jpg,640,640,Different items,2,448,202,598,train
307,7_jpg.rf.edd4ef9b1fc32a060cdf3cd99e5aefd3.jpg,640,640,Different items,81,386,208,457,train
308,7_jpg.rf.edd4ef9b1fc32a060cdf3cd99e5aefd3.jpg,640,640,Different items,329,299,475,388,train
309,7_jpg.rf.edd4ef9b1fc32a060cdf3cd99e5aefd3.jpg,640,640,Different items,83,324,185,375,train
310,22_png.rf.ef0edba78a813cba8d3b735befadd2d9.jpg,640,640,Cotton Candy,357,229,417,356,train
311,22_png.rf.ef0edba78a813cba8d3b735befadd2d9.jpg,640,640,Cotton Candy,416,248,473,360,train
312,22_png.rf.ef0edba78a813cba8d3b735befadd2d9.jpg,640,640,Cotton Candy,459,247,529,355,train
313,22_png.rf.ef0edba78a813cba8d3b735befadd2d9.jpg,640,640,Cotton Candy,513,249,602,369,train
314,22_png.rf.ef0edba78a813cba8d3b735befadd2d9.jpg,640,640,Cotton Candy,565,277,640,373,train
315,22_png.rf.ef0edba78a813cba8d3b735befadd2d9.jpg,640,640,Cotton Candy,554,233,614,267,train
316,22_png.rf.ef0edba78a813cba8d3b735befadd2d9.jpg,640,640,Cotton Candy,417,227,464,255,train
317,22_png.rf.ef0edba78a813cba8d3b735befadd2d9.jpg,640,640,Cotton Candy,395,185,449,207,train
318,22_png.rf.ef0edba78a813cba8d3b735befadd2d9.jpg,640,640,Cotton Candy,398,187,448,216,train
319,22_png.rf.ef0edba78a813cba8d3b735befadd2d9.jpg,640,640,Cotton Candy,518,178,610,248,train
320,22_png.rf.ef0edba78a813cba8d3b735befadd2d9.jpg,640,640,Cotton Candy,414,178,550,249,train
321,22_png.rf.ef0edba78a813cba8d3b735befadd2d9.jpg,640,640,Cotton Candy Tent,35,2,309,200,train
322,14_jpg.rf.ef3db84359f319c86dc3758b1f1f98c8.jpg,640,640,Flowers,84,0,560,640,train
323,40_jpg.rf.efce35001de9faae6d44a54f6f5176f3.jpg,640,640,Trunk,142,149,324,447,train
325,40_jpg.rf.f12bbe5e63889fe620873ed18ccf1d37.jpg,640,640,Flowers,5,62,640,567,train
326,17_jpg.rf.f090ee0482c05ad4050b65c14daf6f37.jpg,640,640,Trunk,247,160,527,417,train
327,28_jpg.rf.f0ab43d1c0f5d072219566795c7aa585.jpg,640,640,Stall Umbr,90,156,487,568,train
328,37_jpg.rf.f1d5463ecb9ebd7cee8793b96a6da37c.jpg,640,640,Balloons,217,46,413,349,train
332,38_jpg.rf.f3212bc1261344d0a7fc2dc175d0da5a.jpg,640,640,Cotton Candy Tent,28,8,326,258,train
334,57_jpg.rf.f45ef788004b4036ca9ac4a6132978c9.jpg,640,640,Flowers,166,79,476,584,train
335,101_jpg.rf.f4bb8f5a3db98b95824743f333aa289a.jpg,640,640,Kvas,97,88,640,637,train
336,30_jpg.rf.f1eda8f0e12ca6842fae04557fb93fba.jpg,640,640,Stall,60,283,556,597,train
339,48_jpg.rf.f51d9837e16d95a0a182ac7531702643.jpg,640,640,Cotton Candy Tent,117,399,496,640,train
340,90_jpg.rf.f54580c865fab0fadd325b8a8395dd35.jpg,640,640,Kvas,0,95,349,573,train
343,101_jpg.rf.f733754f58958a1614f2df458ef08119.jpg,640,640,Stall,85,125,615,620,train
344,54_jpg.rf.f6f96cc4c3a7ad4936b9400ad59aa1c3.jpg,640,640,Different items,151,330,540,633,train
345,54_jpg.rf.f6f96cc4c3a7ad4936b9400ad59aa1c3.jpg,640,640,Different items,292,245,466,338,train
356,59_jpg.rf.f5dc4927662a2dc26ddef9a3f488f3a2.jpg,640,640,Flowers,59,192,504,568,train
357,20_jpg.rf.f6e5d41c5dcbac739f8dc13de846662b.jpg,640,640,Cotton Candy Tent,177,55,437,327,train
359,41_jpg.rf.f83f07e9c0c945179d723aacc7571e75.jpg,640,640,Trunk,44,177,187,387,train
362,35_jpg.rf.f8d8001570f4e3dde3307ff599d4bab5.jpg,640,640,Kvas,0,51,393,631,train
363,26_jpg.rf.fa0fe97799273418a44435b56d1a5e42.jpg,640,640,Flowers,39,10,563,639,train
366,43_jpg.rf.faf9c51469bddb62e080eff809ce2b1d.jpg,640,640,Stall,116,213,441,604,train
370,43_png.rf.fbfee97f9492eee232de8bd9795416aa.jpg,640,640,Flowers,24,0,620,639,train
371,23_jpg.rf.fd34ecff0e2c6385946aedfa06874342.jpg,640,640,Trunk,92,108,276,400,train
373,15_jpg.rf.fce8038c57f29cf350de921ce9dfc6fd.jpg,640,640,Flowers,33,14,603,556,train
374,46_jpg.rf.fd33b7e8d31631cd224a5762f7298d90.jpg,640,640,Different items,98,264,358,397,train
375,68_jpg.rf.fda77def1c06acaf9ab886d4cf03eea1.jpg,640,640,Stall,57,12,558,640,train
376,42_jpg.rf.ff1c40327dcc7bdd1153b03ae55770af.jpg,640,640,Kvas,142,152,517,563,train
377,17_jpg.rf.fee23d8c2f679daffa119c1f8d11f967.jpg,640,640,Flowers,106,19,534,609,train
379,2_jpg.rf.ff71e017ccc9d9ae2fa60ac5e77660e9.jpg,640,640,Stall Umbr,0,1,640,640,train
380,78_jpg.rf.ffa682c16091188f77dbcb2b80cc0bb5.jpg,640,640,Flowers,36,28,609,610,train
381,61_jpg.rf.044e912527ae888f7e7ae29729a8d4c6.jpg,640,640,Kvas,0,85,474,628,train
382,17_jpg.rf.06ab3cf055acef7a337eb705c0c4cefe.jpg,640,640,Flowers,2,40,640,640,train
386,29_jpg.rf.06d923530b1083d33b707b0dd3e193a1.jpg,640,640,Trunk,79,6,300,271,train
388,19_jpg.rf.05ec0d85cdcfd3bfc60d1604734abdc6.jpg,640,640,Kvas,195,275,640,638,train
389,28_JPG_jpg.rf.0375a3791a241b03cd35028742fcdb57.jpg,640,640,Balloons,218,209,343,370,train
390,28_JPG_jpg.rf.0375a3791a241b03cd35028742fcdb57.jpg,640,640,Balloons,280,341,382,512,train
391,28_JPG_jpg.rf.0375a3791a241b03cd35028742fcdb57.jpg,640,640,Balloons,168,382,264,499,train
392,28_JPG_jpg.rf.0375a3791a241b03cd35028742fcdb57.jpg,640,640,Balloons,307,528,417,636,train
393,125_jpg.rf.041e4c5f1236427edef4d55ff67c1f71.jpg,640,640,Flowers,0,15,640,622,train
396,9_jpg.rf.067f3e9c554f6134d665064cc765f148.jpg,640,640,Different items,282,407,574,596,train
397,9_jpg.rf.067f3e9c554f6134d665064cc765f148.jpg,640,640,Different items,173,309,304,379,train
398,9_jpg.rf.067f3e9c554f6134d665064cc765f148.jpg,640,640,Different items,486,257,558,310,train
399,9_jpg.rf.067f3e9c554f6134d665064cc765f148.jpg,640,640,Different items,354,305,550,409,train
400,9_jpg.rf.067f3e9c554f6134d665064cc765f148.jpg,640,640,Different items,30,330,202,430,train
403,121_jpg.rf.01f4fb912debb28ffb883a7b72606dbc.jpg,640,640,Flowers,0,41,640,640,train
411,41_jpg.rf.065d03f7b7de0ada2bd077c0ded1db56.jpg,640,640,Different items,1,305,636,639,train
412,41_jpg.rf.065d03f7b7de0ada2bd077c0ded1db56.jpg,640,640,Different items,304,239,636,433,train
413,41_jpg.rf.065d03f7b7de0ada2bd077c0ded1db56.jpg,640,640,Different items,3,224,132,366,train
414,41_jpg.rf.065d03f7b7de0ada2bd077c0ded1db56.jpg,640,640,Different items,351,166,617,252,train
415,1_jpg.rf.0695702a378df3aba4a7606a85afcca0.jpg,640,640,Flowers,45,29,620,606,train
416,43_jpeg.rf.08f19a4f419a240b93114427d8f22fb5.jpg,640,640,Cotton Candy,228,332,277,402,train
417,43_jpeg.rf.08f19a4f419a240b93114427d8f22fb5.jpg,640,640,Cotton Candy,308,319,344,390,train
418,43_jpeg.rf.08f19a4f419a240b93114427d8f22fb5.jpg,640,640,Cotton Candy,418,293,464,360,train
419,43_jpeg.rf.08f19a4f419a240b93114427d8f22fb5.jpg,640,640,Cotton Candy Tent,332,393,407,414,train
420,11_jpg.rf.04ad197dd1cced9eb94886a3e5180878.jpg,640,640,Flowers,10,20,640,612,train
421,27_jpg.rf.08190504f46a1ede65dc10f2d540cbe4.jpg,640,640,Balloons,5,3,625,543,train
422,92_jpg.rf.0789b25ff80a83af650eaa0d1bf38ead.jpg,640,640,Flowers,0,0,640,584,train
424,39_jpg.rf.0b3c995b3b7f95fadccf9b1a0991c7d6.jpg,640,640,Flowers,154,69,561,517,train
425,18_jpg.rf.09a40bcd6e0b921b8adbfb5ed06627f0.jpg,640,640,Box of Products,339,351,408,404,train
426,18_jpg.rf.09a40bcd6e0b921b8adbfb5ed06627f0.jpg,640,640,Box of Products,325,359,380,416,train
427,18_jpg.rf.09a40bcd6e0b921b8adbfb5ed06627f0.jpg,640,640,Box of Products,292,353,348,406,train
428,18_jpg.rf.09a40bcd6e0b921b8adbfb5ed06627f0.jpg,640,640,Box of Products,264,352,315,408,train
429,18_jpg.rf.09a40bcd6e0b921b8adbfb5ed06627f0.jpg,640,640,Box of Products,247,403,313,467,train
430,18_jpg.rf.09a40bcd6e0b921b8adbfb5ed06627f0.jpg,640,640,Box of Products,217,413,265,470,train
431,30_jpg.rf.0a1329f1e7808934d5c9b54dbd05e36b.jpg,640,640,Flowers,134,50,520,616,train
432,49_jpg.rf.0b65978bf663b452bf5297045e227803.jpg,640,640,Flowers,43,11,593,584,train
439,16_jpg.rf.08ec88e86a17e609476d21bdccb37dda.jpg,640,640,Trunk,285,144,534,401,train
442,85_jpg.rf.0c38ed4d2f04125030f2dbfc319bcf22.jpg,640,640,Kvas bottle,146,200,217,360,train
443,85_jpg.rf.0c38ed4d2f04125030f2dbfc319bcf22.jpg,640,640,Kvas bottle,217,205,293,380,train
444,119_jpg.rf.0d0c0135a3dc47894eff7ce7de9991f5.jpg,640,640,Flowers,51,113,599,579,train
445,58_jpg.rf.0ce1b556e81b1867a239af969aea7a0e.jpg,640,640,Box of Products,0,474,74,546,train
446,58_jpg.rf.0ce1b556e81b1867a239af969aea7a0e.jpg,640,640,Box of Products,72,452,124,512,train
447,58_jpg.rf.0ce1b556e81b1867a239af969aea7a0e.jpg,640,640,Box of Products,123,453,196,516,train
448,58_jpg.rf.0ce1b556e81b1867a239af969aea7a0e.jpg,640,640,Box of Products,118,404,182,460,train
449,58_jpg.rf.0ce1b556e81b1867a239af969aea7a0e.jpg,640,640,Box of Products,0,399,67,455,train
450,58_jpg.rf.0ce1b556e81b1867a239af969aea7a0e.jpg,640,640,Box of Products,0,450,73,482,train
451,58_jpg.rf.0ce1b556e81b1867a239af969aea7a0e.jpg,640,640,Box of Products,68,388,121,427,train
452,58_jpg.rf.0ce1b556e81b1867a239af969aea7a0e.jpg,640,640,Box of Products,175,375,235,409,train
453,58_jpg.rf.0ce1b556e81b1867a239af969aea7a0e.jpg,640,640,Box of Products,191,434,262,472,train
454,58_jpg.rf.0ce1b556e81b1867a239af969aea7a0e.jpg,640,640,Box of Products,49,354,109,388,train
455,58_jpg.rf.0ce1b556e81b1867a239af969aea7a0e.jpg,640,640,Box of Products,224,332,277,378,train
456,58_jpg.rf.0ce1b556e81b1867a239af969aea7a0e.jpg,640,640,Box of Products,190,351,239,380,train
457,58_jpg.rf.0ce1b556e81b1867a239af969aea7a0e.jpg,640,640,Box of Products,171,355,204,383,train
458,58_jpg.rf.0ce1b556e81b1867a239af969aea7a0e.jpg,640,640,Box of Products,183,410,240,455,train
459,58_jpg.rf.0ce1b556e81b1867a239af969aea7a0e.jpg,640,640,Box of Products,303,376,359,416,train
460,58_jpg.rf.0ce1b556e81b1867a239af969aea7a0e.jpg,640,640,Box of Products,352,384,403,436,train
461,58_jpg.rf.0ce1b556e81b1867a239af969aea7a0e.jpg,640,640,Box of Products,381,385,442,432,train
462,58_jpg.rf.0ce1b556e81b1867a239af969aea7a0e.jpg,640,640,Box of Products,404,365,453,403,train
463,58_jpg.rf.0ce1b556e81b1867a239af969aea7a0e.jpg,640,640,Box of Products,395,312,439,348,train
464,58_jpg.rf.0ce1b556e81b1867a239af969aea7a0e.jpg,640,640,Box of Products,350,365,400,386,train
465,58_jpg.rf.0ce1b556e81b1867a239af969aea7a0e.jpg,640,640,Box of Products,494,376,530,426,train
466,58_jpg.rf.0ce1b556e81b1867a239af969aea7a0e.jpg,640,640,Box of Products,492,369,551,421,train
467,58_jpg.rf.0ce1b556e81b1867a239af969aea7a0e.jpg,640,640,Box of Products,525,367,589,416,train
468,44_jpg.rf.0d1acb343ab91184ed03edeb9d17db4d.jpg,640,640,Stall Umbr,0,93,640,203,train
469,44_jpg.rf.0d1acb343ab91184ed03edeb9d17db4d.jpg,640,640,Stall Umbr,113,199,568,599,train
470,25_jpg.rf.0e50e490be9c936973dc5a976ca11974.jpg,640,640,Stall Umbr,142,65,511,549,train
472,59_jpg.rf.0f6e88d70636df7c139eb6a450199678.jpg,640,640,Stall,45,172,508,578,train
478,112_jpg.rf.0f6924be43c07acfb24d831a96ea1b83.jpg,640,640,Flowers,34,177,569,640,train
479,60_jpg.rf.0f1f651556df330ec1f2c7751ead3f01.jpg,640,640,Flowers,41,45,615,614,train
480,73_jpg.rf.0ef3eddaf4b9d0927a694ad3dcd13099.jpg,640,640,Flowers,31,92,568,548,train
481,24_jpg.rf.0f80b463afdbd36db247c757bfa2dbe4.jpg,640,640,Balloons,121,0,588,545,train
482,8_jpg.rf.10904a1b788c8f2ebf5a22496a2cf095.jpg,640,640,Different items,0,88,634,640,train
483,1_jpg.rf.0fe13ce37849234afe62f86d348eac70.jpg,640,640,Balloons,37,5,524,405,train
484,92_jpg.rf.123a0d8d6fe66bc0f3768168be65a556.jpg,640,640,Kvas,0,170,487,611,train
485,30_jpg.rf.10aa774540fe4157453b916934b82927.jpg,640,640,Stall Umbr,1,2,640,567,train
486,57_jpg.rf.11d7fda690275864d7f521012d13621f.jpg,640,640,Kvas bottle,251,188,306,294,train
487,57_jpg.rf.11d7fda690275864d7f521012d13621f.jpg,640,640,Kvas bottle,306,194,357,287,train
489,98_jpg.rf.12d36a904ae9a6bfb6dac8966f044b24.jpg,640,640,Flowers,114,91,621,640,train
490,59_jpg.rf.13efabb16ee693eb5a06945b8000384c.jpg,640,640,Flowers,54,0,618,638,train
491,89_jpg.rf.13339b35b72e9b6049e40afcb97802b4.jpg,640,640,Box of Products,16,261,77,375,train
492,89_jpg.rf.13339b35b72e9b6049e40afcb97802b4.jpg,640,640,Box of Products,77,269,108,333,train
493,32_jpg.rf.151bc2860db267c9752016646d0a1bf5.jpg,640,640,Kvas bottle,22,182,106,351,train
494,32_jpg.rf.151bc2860db267c9752016646d0a1bf5.jpg,640,640,Kvas bottle,101,176,178,346,train
495,32_jpg.rf.151bc2860db267c9752016646d0a1bf5.jpg,640,640,Kvas bottle,191,174,260,325,train
496,32_jpg.rf.151bc2860db267c9752016646d0a1bf5.jpg,640,640,Kvas bottle,258,169,319,312,train
497,32_jpg.rf.151bc2860db267c9752016646d0a1bf5.jpg,640,640,Kvas bottle,343,174,403,308,train
498,32_jpg.rf.151bc2860db267c9752016646d0a1bf5.jpg,640,640,Kvas bottle,403,173,451,302,train
499,32_jpg.rf.151bc2860db267c9752016646d0a1bf5.jpg,640,640,Kvas bottle,454,163,503,280,train
500,32_jpg.rf.151bc2860db267c9752016646d0a1bf5.jpg,640,640,Kvas bottle,503,160,538,278,train
501,32_jpg.rf.151bc2860db267c9752016646d0a1bf5.jpg,640,640,Kvas bottle,539,159,580,270,train
502,32_jpg.rf.151bc2860db267c9752016646d0a1bf5.jpg,640,640,Kvas bottle,580,163,611,268,train
503,27_jpg.rf.11da15931b15b77b8981911f63e25860.jpg,640,640,Flowers,86,93,563,493,train
505,43_jpg.rf.13c1be1b680aa8647ad57a85281f59dd.jpg,640,640,Trunk,144,182,339,342,train
506,8_jpg.rf.138b8d33bd7d12e2c7834dcb68c53498.jpg,640,640,Balloons,464,66,622,315,train
507,8_jpg.rf.138b8d33bd7d12e2c7834dcb68c53498.jpg,640,640,Balloons,0,133,203,442,train
509,138_jpg.rf.156e4ebc6485ef6072dbd176130fb3f5.jpg,640,640,Flowers,20,123,620,579,train
512,15_jpg.rf.182ff026a37fec2587da6f018257ff0e.jpg,640,640,Stall Umbr,215,94,554,490,train
514,69_jpg.rf.15c68bac94dee4b0f62492d436b1a541.jpg,640,640,Stall,0,324,615,597,train
515,55_jpg.rf.16c66d29df61305d555399f94dfd4a4e.jpg,640,640,Different items,38,294,513,492,train
516,25_jpg.rf.194f3f45396f8c28d0a0ab70bd65a9f4.jpg,640,640,Flowers,0,71,603,572,train
519,13_jpg.rf.1ab0af418cdd5598ae97f56c97c023ac.jpg,640,640,Stall Umbr,88,0,497,520,train
520,33_jpg.rf.1a2f2414eed7c96fae666372ee85b52a.jpg,640,640,Flowers,103,114,529,518,train
521,92_jpg.rf.1989cdbc9e60111e37560247def44ac6.jpg,640,640,Stall,311,275,588,520,train
523,1_jpg.rf.18a55fad3fac7b8d29d5cef83ecc229c.jpg,640,640,Trunk,299,182,457,355,train
528,81_jpg.rf.1b4ade50ace563a4009edf0e1a4ee4fd.jpg,640,640,Box of Products,362,345,475,451,train
533,85_jpg.rf.1d757cbea0d629e8a9370059b13620bf.jpg,640,640,Stall,23,53,569,547,train
534,1_jpg.rf.1dfe72a97db81c65aa9d92502df14128.jpg,640,640,Kvas bottle,141,185,237,381,train
535,1_jpg.rf.1dfe72a97db81c65aa9d92502df14128.jpg,640,640,Kvas bottle,223,176,292,377,train
536,140_jpg.rf.1def3d601ec795d8e6773e4f7595ed29.jpg,640,640,Flowers,38,61,596,566,train
537,13_jpg.rf.1eb8dbbd6ae5ec53131eee99a3871be9.jpg,640,640,Flowers,96,35,524,601,train
538,82_jpg.rf.1f965ef3125b523929c6e12fb7fcedd3.jpg,640,640,Kvas,83,91,503,620,train
543,38_jpg.rf.1fd36d811eb1e097f913f93f422a0399.jpg,640,640,Flowers,8,54,620,640,train
544,26_jpg.rf.1de3139b86fdb810a384ee67d35d3c5d.jpg,640,640,Stall Umbr,137,149,509,540,train
545,3_png.rf.1e1bec3a4b01943de93e641ea28d2080.jpg,640,640,Stall Umbr,107,42,466,574,train
546,37_jpg.rf.1fcd61aba72a2f65e6c0f079311ba990.jpg,640,640,Flowers,19,34,624,571,train
547,15_jpg.rf.21176e0671ab11906c8ec1f230f105b3.jpg,640,640,Cotton Candy,193,222,249,337,train
548,15_jpg.rf.21176e0671ab11906c8ec1f230f105b3.jpg,640,640,Cotton Candy,259,263,307,337,train
549,15_jpg.rf.21176e0671ab11906c8ec1f230f105b3.jpg,640,640,Cotton Candy,322,254,376,336,train
550,15_jpg.rf.21176e0671ab11906c8ec1f230f105b3.jpg,640,640,Cotton Candy,380,255,444,353,train
551,13_jpg.rf.22a3247d2e8477846abf7c27ea6c0120.jpg,640,640,Flowers,92,55,547,640,train
553,36_jpg.rf.21cdddd3a4e3f6f1db06e1f8887cfcf4.jpg,640,640,Different items,207,323,564,637,train
554,36_jpg.rf.21cdddd3a4e3f6f1db06e1f8887cfcf4.jpg,640,640,Different items,3,415,161,638,train
558,18_jpg.rf.23eae026924831bc87bff6dedd8b7eb4.jpg,640,640,Kvas,82,106,547,590,train
559,41_jpg.rf.249d02fda118a77a09766059305b6eee.jpg,640,640,Flowers,126,73,508,638,train
560,40_jpg.rf.23ba6b3c45113b637bb3b3855b463f45.jpg,640,640,Kvas,95,280,306,479,train
561,150_jpg.rf.23ee34084c1e617cff02809e124df434.jpg,640,640,Flowers,79,276,538,640,train
562,33_JPG.rf.25babdbad14165f8c14025a361125d57.jpg,640,640,Stall Umbr,49,158,417,439,train
563,26_jpg.rf.26f82f18b956e2de456254503498ec83.jpg,640,640,Balloons,127,90,628,368,train
566,8_jpg.rf.26363bfe1353cba1422bf659409b94a8.jpg,640,640,Stall Umbr,147,17,563,547,train
568,115_jpg.rf.28b27022e7454a58261e49f7b74d9059.jpg,640,640,Flowers,5,36,609,640,train
569,5_jpg.rf.2759131f18a7ff426f9407a236630782.jpg,640,640,Different items,88,239,560,640,train
571,47_jpg.rf.27c8b0916630d988535b8b80a55b5efc.jpg,640,640,Flowers,0,0,553,576,train
572,40_jpg.rf.29746d7e1f2c61a7a7c57c0fa0c3893e.jpg,640,640,Stall Umbr,68,6,402,576,train
573,5_jpg.rf.2a22a02d6b7db27c8318b11cd54d1544.jpg,640,640,Flowers,58,0,572,549,train
574,78_jpg.rf.28a14e36eb17e0cd7aae7d1fd02a765e.jpg,640,640,Flowers,92,28,563,640,train
575,68_jpg.rf.296b0f4abd05487eb5d17fb24bf085a8.jpg,640,640,Flowers,18,54,640,629,train
576,28_jpg.rf.267ee80287d78ab4210703048f7cca56.jpg,640,640,Stall,13,53,417,600,train
577,28_jpg.rf.267ee80287d78ab4210703048f7cca56.jpg,640,640,Stall,268,32,629,504,train
578,17_jpg.rf.2a2cc6ad7e4ce663b3ea042325961af4.jpg,640,640,Different items,62,49,274,633,train
579,17_jpg.rf.2a2cc6ad7e4ce663b3ea042325961af4.jpg,640,640,Different items,280,343,640,550,train
580,67_jpg.rf.2a41fc432bd549d86358e8d396af4249.jpg,640,640,Flowers,0,136,640,553,train
581,15_jpg.rf.29c2042b5b193c8afde8a192b8294ed5.jpg,640,640,Box of Products,227,445,309,508,train
582,15_jpg.rf.29c2042b5b193c8afde8a192b8294ed5.jpg,640,640,Box of Products,75,444,137,525,train
583,15_jpg.rf.29c2042b5b193c8afde8a192b8294ed5.jpg,640,640,Box of Products,317,416,399,453,train
584,15_jpg.rf.29c2042b5b193c8afde8a192b8294ed5.jpg,640,640,Box of Products,434,386,502,424,train
585,15_jpg.rf.29c2042b5b193c8afde8a192b8294ed5.jpg,640,640,Box of Products,397,419,438,440,train
586,15_jpg.rf.29c2042b5b193c8afde8a192b8294ed5.jpg,640,640,Box of Products,8,479,70,536,train
589,55_jpg.rf.2ba666e0be1c189578458376f2e1bc06.jpg,640,640,Flowers,20,31,625,640,train
590,53_jpg.rf.2cd3ae6ace8da8db3b90e21d727915cc.jpg,640,640,Different items,24,269,575,640,train
591,53_jpg.rf.2cd3ae6ace8da8db3b90e21d727915cc.jpg,640,640,Different items,216,169,466,259,train
592,53_jpg.rf.2cd3ae6ace8da8db3b90e21d727915cc.jpg,640,640,Different items,185,120,427,163,train
593,53_jpg.rf.2cd3ae6ace8da8db3b90e21d727915cc.jpg,640,640,Different items,213,87,388,116,train
594,53_jpg.rf.2cd3ae6ace8da8db3b90e21d727915cc.jpg,640,640,Different items,238,57,377,93,train
595,53_jpg.rf.2cd3ae6ace8da8db3b90e21d727915cc.jpg,640,640,Different items,4,54,172,161,train
596,41_jpg.rf.2ce8a25db4a465cbf31c89c0ea28b9a9.jpg,640,640,Flowers,54,38,601,614,train
598,113_jpg.rf.2f5df68e32e2b9e87b3aff30b57d4238.jpg,640,640,Flowers,23,10,625,640,train
600,15_jpg.rf.2d41e4bd69e29f29869ff566b43f0d70.jpg,640,640,Stall Umbr,0,1,518,623,train
601,15_jpg.rf.2d41e4bd69e29f29869ff566b43f0d70.jpg,640,640,Stall Umbr,324,25,631,463,train
602,36_jpg.rf.2d94a1342fa9bc1df359b8bf32dd0ea3.jpg,640,640,Stall Umbr,97,20,505,569,train
603,21_jpg.rf.2f4c0437abdd892305e36c8ab4b3d88b.jpg,640,640,Stall Umbr,95,59,557,510,train
604,67_jpg.rf.2f868f5ef8ecee024e3ffcdd262ef5eb.jpg,640,640,Kvas bottle,231,251,286,382,train
605,29_jpg.rf.2fdce0490c8e9bf301f4954ec5f2b437.jpg,640,640,Different items,113,289,409,548,train
606,49_jpg.rf.2fce87bcbebc2c5082fbdbb9193f90e9.jpg,640,640,Stall Umbr,245,83,587,583,train
608,72_jpg.rf.310ffe16deae71583260d7bc9398234d.jpg,640,640,Flowers,79,8,549,632,train
610,124_jpg.rf.32df09822943750fc3cc4c6129f88c56.jpg,640,640,Flowers,8,56,637,499,train
612,33_jpg.rf.331531af07cee613ad95516b6d30d661.jpg,640,640,Different items,29,313,296,535,train
613,33_jpg.rf.331531af07cee613ad95516b6d30d661.jpg,640,640,Different items,259,286,421,465,train
615,1_jpg.rf.3335d55f4212a7c7627a0043528b6814.jpg,640,640,Box of Products,88,434,191,499,train
616,1_jpg.rf.3335d55f4212a7c7627a0043528b6814.jpg,640,640,Box of Products,209,441,274,511,train
617,1_jpg.rf.3335d55f4212a7c7627a0043528b6814.jpg,640,640,Box of Products,420,400,542,562,train
618,1_jpg.rf.3335d55f4212a7c7627a0043528b6814.jpg,640,640,Box of Products,105,349,164,409,train
619,1_jpg.rf.3335d55f4212a7c7627a0043528b6814.jpg,640,640,Box of Products,153,349,213,407,train
620,1_jpg.rf.3335d55f4212a7c7627a0043528b6814.jpg,640,640,Box of Products,203,346,266,407,train
621,1_jpg.rf.3335d55f4212a7c7627a0043528b6814.jpg,640,640,Box of Products,258,351,277,408,train
622,1_jpg.rf.3335d55f4212a7c7627a0043528b6814.jpg,640,640,Box of Products,352,368,402,427,train
623,1_jpg.rf.3335d55f4212a7c7627a0043528b6814.jpg,640,640,Box of Products,401,343,465,410,train
624,1_jpg.rf.3335d55f4212a7c7627a0043528b6814.jpg,640,640,Box of Products,461,291,523,349,train
625,1_jpg.rf.3335d55f4212a7c7627a0043528b6814.jpg,640,640,Box of Products,417,276,463,348,train
626,1_jpg.rf.3335d55f4212a7c7627a0043528b6814.jpg,640,640,Box of Products,459,239,523,294,train
627,1_jpg.rf.3335d55f4212a7c7627a0043528b6814.jpg,640,640,Box of Products,458,186,519,240,train
628,1_jpg.rf.3335d55f4212a7c7627a0043528b6814.jpg,640,640,Box of Products,449,138,508,205,train
629,1_jpg.rf.3335d55f4212a7c7627a0043528b6814.jpg,640,640,Box of Products,418,209,459,276,train
630,1_jpg.rf.3335d55f4212a7c7627a0043528b6814.jpg,640,640,Box of Products,376,211,417,279,train
631,1_jpg.rf.3335d55f4212a7c7627a0043528b6814.jpg,640,640,Box of Products,383,167,451,214,train
632,1_jpg.rf.3335d55f4212a7c7627a0043528b6814.jpg,640,640,Box of Products,384,121,449,173,train
633,1_jpg.rf.3335d55f4212a7c7627a0043528b6814.jpg,640,640,Box of Products,375,275,417,354,train
634,1_jpg.rf.3335d55f4212a7c7627a0043528b6814.jpg,640,640,Box of Products,337,293,374,356,train
635,1_jpg.rf.3335d55f4212a7c7627a0043528b6814.jpg,640,640,Box of Products,339,228,375,291,train
636,1_jpg.rf.3335d55f4212a7c7627a0043528b6814.jpg,640,640,Box of Products,118,288,165,354,train
637,1_jpg.rf.3335d55f4212a7c7627a0043528b6814.jpg,640,640,Box of Products,133,231,174,289,train
638,1_jpg.rf.3335d55f4212a7c7627a0043528b6814.jpg,640,640,Box of Products,166,229,207,288,train
639,1_jpg.rf.3335d55f4212a7c7627a0043528b6814.jpg,640,640,Box of Products,200,226,242,289,train
640,1_jpg.rf.3335d55f4212a7c7627a0043528b6814.jpg,640,640,Box of Products,192,287,235,351,train
641,1_jpg.rf.3335d55f4212a7c7627a0043528b6814.jpg,640,640,Box of Products,226,290,269,352,train
642,1_jpg.rf.3335d55f4212a7c7627a0043528b6814.jpg,640,640,Box of Products,234,225,269,287,train
643,1_jpg.rf.3335d55f4212a7c7627a0043528b6814.jpg,640,640,Box of Products,231,167,274,225,train
644,1_jpg.rf.3335d55f4212a7c7627a0043528b6814.jpg,640,640,Box of Products,190,171,238,229,train
645,1_jpg.rf.3335d55f4212a7c7627a0043528b6814.jpg,640,640,Box of Products,157,171,203,231,train
646,46_jpg.rf.33dde05c2a69c513fa87f2d1adfe10c2.jpg,640,640,Cotton Candy,316,187,408,272,train
647,46_jpg.rf.33dde05c2a69c513fa87f2d1adfe10c2.jpg,640,640,Cotton Candy,252,179,340,286,train
648,46_jpg.rf.33dde05c2a69c513fa87f2d1adfe10c2.jpg,640,640,Cotton Candy,414,182,506,287,train
649,46_jpg.rf.33dde05c2a69c513fa87f2d1adfe10c2.jpg,640,640,Cotton Candy,483,180,538,283,train
650,46_jpg.rf.33dde05c2a69c513fa87f2d1adfe10c2.jpg,640,640,Cotton Candy,391,329,485,413,train
651,46_jpg.rf.33dde05c2a69c513fa87f2d1adfe10c2.jpg,640,640,Cotton Candy,238,312,322,411,train
652,46_jpg.rf.33dde05c2a69c513fa87f2d1adfe10c2.jpg,640,640,Cotton Candy,477,310,574,410,train
653,46_jpg.rf.33dde05c2a69c513fa87f2d1adfe10c2.jpg,640,640,Cotton Candy,282,301,394,422,train
654,46_jpg.rf.33dde05c2a69c513fa87f2d1adfe10c2.jpg,640,640,Cotton Candy,461,457,547,496,train
655,46_jpg.rf.33dde05c2a69c513fa87f2d1adfe10c2.jpg,640,640,Cotton Candy,542,461,614,501,train
656,44_jpg.rf.33c9ef07cfa573d86221494e3abc5dc1.jpg,640,640,Flowers,3,58,638,595,train
657,33_jpg.rf.3324ec7ce36244b4f51937623ab3db55.jpg,640,640,Flowers,16,24,624,620,train
658,5_jpg.rf.33bde82e838df96e5775ce48ccd6d3e4.jpg,640,640,Stall Umbr,8,19,597,528,train
660,22_jpg.rf.3389afb0d32aac5c28e154565dcf68e8.jpg,640,640,Trunk,216,212,354,409,train
661,74_jpeg.rf.33e4b7783bb7962c0b1e93f7dd0e25da.jpg,640,640,Box of Products,447,523,556,621,train
662,74_jpeg.rf.33e4b7783bb7962c0b1e93f7dd0e25da.jpg,640,640,Box of Products,514,553,626,640,train
663,74_jpeg.rf.33e4b7783bb7962c0b1e93f7dd0e25da.jpg,640,640,Box of Products,402,455,498,552,train
664,74_jpeg.rf.33e4b7783bb7962c0b1e93f7dd0e25da.jpg,640,640,Box of Products,309,488,449,620,train
665,74_jpeg.rf.33e4b7783bb7962c0b1e93f7dd0e25da.jpg,640,640,Box of Products,262,458,385,580,train
666,74_jpeg.rf.33e4b7783bb7962c0b1e93f7dd0e25da.jpg,640,640,Box of Products,337,415,450,496,train
667,74_jpeg.rf.33e4b7783bb7962c0b1e93f7dd0e25da.jpg,640,640,Box of Products,295,415,392,472,train
668,74_jpeg.rf.33e4b7783bb7962c0b1e93f7dd0e25da.jpg,640,640,Box of Products,228,454,332,553,train
669,74_jpeg.rf.33e4b7783bb7962c0b1e93f7dd0e25da.jpg,640,640,Box of Products,196,427,293,528,train
670,74_jpeg.rf.33e4b7783bb7962c0b1e93f7dd0e25da.jpg,640,640,Box of Products,264,398,356,453,train
671,74_jpeg.rf.33e4b7783bb7962c0b1e93f7dd0e25da.jpg,640,640,Box of Products,229,383,325,442,train
672,74_jpeg.rf.33e4b7783bb7962c0b1e93f7dd0e25da.jpg,640,640,Box of Products,166,416,241,495,train
673,74_jpeg.rf.33e4b7783bb7962c0b1e93f7dd0e25da.jpg,640,640,Box of Products,133,404,224,473,train
674,74_jpeg.rf.33e4b7783bb7962c0b1e93f7dd0e25da.jpg,640,640,Box of Products,110,383,204,445,train
675,74_jpeg.rf.33e4b7783bb7962c0b1e93f7dd0e25da.jpg,640,640,Box of Products,96,376,177,438,train
676,74_jpeg.rf.33e4b7783bb7962c0b1e93f7dd0e25da.jpg,640,640,Box of Products,77,357,162,417,train
677,74_jpeg.rf.33e4b7783bb7962c0b1e93f7dd0e25da.jpg,640,640,Box of Products,55,342,138,394,train
678,74_jpeg.rf.33e4b7783bb7962c0b1e93f7dd0e25da.jpg,640,640,Box of Products,58,340,111,390,train
679,74_jpeg.rf.33e4b7783bb7962c0b1e93f7dd0e25da.jpg,640,640,Box of Products,30,328,106,375,train
680,74_jpeg.rf.33e4b7783bb7962c0b1e93f7dd0e25da.jpg,640,640,Box of Products,15,322,90,355,train
681,89_jpg.rf.35178fec4fb335effab88e1c75ad4108.jpg,640,640,Flowers,0,115,471,640,train
683,39_jpg.rf.3805d2a9b85a816b51e08133f139d892.jpg,640,640,Stall Umbr,66,0,640,640,train
688,7_jpg.rf.3927049d79b4b986269d6eaf6c4ef11d.jpg,640,640,Stall Umbr,6,68,496,618,train
689,96_jpg.rf.3964d91fd98e2b609aede8aac27c4076.jpg,640,640,Stall,193,138,574,602,train
690,21_jpg.rf.394815927d526b513c87eab88fedbc6e.jpg,640,640,Flowers,0,0,640,640,train
691,42_jpg.rf.39aa960c00902af34f981bc06b9bef6a.jpg,640,640,Stall Umbr,200,2,611,638,train
692,41_jpg.rf.3a2ad09428f8c2f2bfdfb5961827e833.jpg,640,640,Stall Umbr,245,55,495,565,train
693,49_jpg.rf.39c13765fa7a3a356f9ddb662f36b354.jpg,640,640,Trunk,172,170,321,305,train
696,11_jpeg_jpg.rf.3c7d1b990701c0aa430f0141857aa33e.jpg,640,640,Balloons,64,0,402,640,train
697,55_jpg.rf.3b1a56dd5c78ce9c702c4eaf3edd1bac.jpg,640,640,Box of Products,48,421,146,523,train
698,55_jpg.rf.3b1a56dd5c78ce9c702c4eaf3edd1bac.jpg,640,640,Box of Products,138,396,222,504,train
699,55_jpg.rf.3b1a56dd5c78ce9c702c4eaf3edd1bac.jpg,640,640,Box of Products,205,394,289,500,train
700,55_jpg.rf.3b1a56dd5c78ce9c702c4eaf3edd1bac.jpg,640,640,Box of Products,540,322,615,371,train
701,55_jpg.rf.3b1a56dd5c78ce9c702c4eaf3edd1bac.jpg,640,640,Box of Products,443,416,521,462,train
702,55_jpg.rf.3b1a56dd5c78ce9c702c4eaf3edd1bac.jpg,640,640,Box of Products,358,354,441,464,train
703,55_jpg.rf.3b1a56dd5c78ce9c702c4eaf3edd1bac.jpg,640,640,Box of Products,291,238,326,271,train
706,90_jpg.rf.3cff7f24653b94bb42ca6222c886074e.jpg,640,640,Stall,118,74,581,612,train
707,28_jpg.rf.3f3266c8b7b284e95b63539b854e51f4.jpg,640,640,Trunk,57,250,380,453,train
709,72_jpg.rf.3f45b0e945972df7f96408b06fa55831.jpg,640,640,Kvas bottle,387,318,430,418,train
711,4_jpg.rf.3ce960579ea3e0a90a440b49260ff046.jpg,640,640,Cotton Candy,311,336,350,410,train
712,4_jpg.rf.3ce960579ea3e0a90a440b49260ff046.jpg,640,640,Cotton Candy,360,293,402,373,train
713,4_jpg.rf.3ce960579ea3e0a90a440b49260ff046.jpg,640,640,Cotton Candy,403,296,447,386,train
714,4_jpg.rf.3ce960579ea3e0a90a440b49260ff046.jpg,640,640,Cotton Candy,294,338,315,361,train
715,23_jpg.rf.3f5844a017d0e61912e62e486cd89389.jpg,640,640,Box of Products,416,405,545,516,train
716,23_jpg.rf.3f5844a017d0e61912e62e486cd89389.jpg,640,640,Box of Products,476,430,624,542,train
717,23_jpg.rf.3f5844a017d0e61912e62e486cd89389.jpg,640,640,Box of Products,553,464,640,587,train
718,23_jpg.rf.3f5844a017d0e61912e62e486cd89389.jpg,640,640,Box of Products,501,329,619,414,train
719,23_jpg.rf.3f5844a017d0e61912e62e486cd89389.jpg,640,640,Box of Products,567,363,640,473,train
720,26_jpg.rf.3e325ae395ce81920ab06bb282a011bc.jpg,640,640,Kvas,7,175,430,551,train
723,43_jpg.rf.3fec0d5084ae7d0aa7eef41011e67e40.jpg,640,640,Different items,254,279,511,478,train
724,43_jpg.rf.3fec0d5084ae7d0aa7eef41011e67e40.jpg,640,640,Different items,280,480,640,639,train
725,43_jpg.rf.3fec0d5084ae7d0aa7eef41011e67e40.jpg,640,640,Different items,227,200,332,274,train
726,43_jpg.rf.3fec0d5084ae7d0aa7eef41011e67e40.jpg,640,640,Different items,0,163,171,320,train
728,29_jpg.rf.416c7b6bbdb49e66afa283db2287f547.jpg,640,640,Flowers,0,0,640,640,train
731,23_jpg.rf.42d733f3bccb5ae3b79b7c2f9b518bb1.jpg,640,640,Different items,24,167,511,640,train
733,21_jpg.rf.44180c8b4f1defc0d6c2a2c91e48028e.jpg,640,640,Cotton Candy,39,405,118,487,train
734,21_jpg.rf.44180c8b4f1defc0d6c2a2c91e48028e.jpg,640,640,Cotton Candy,99,448,197,542,train
735,21_jpg.rf.44180c8b4f1defc0d6c2a2c91e48028e.jpg,640,640,Cotton Candy,188,452,289,545,train
736,21_jpg.rf.44180c8b4f1defc0d6c2a2c91e48028e.jpg,640,640,Cotton Candy,294,449,392,533,train
737,21_jpg.rf.44180c8b4f1defc0d6c2a2c91e48028e.jpg,640,640,Cotton Candy,10,295,97,399,train
738,21_jpg.rf.44180c8b4f1defc0d6c2a2c91e48028e.jpg,640,640,Cotton Candy,95,307,170,401,train
739,21_jpg.rf.44180c8b4f1defc0d6c2a2c91e48028e.jpg,640,640,Cotton Candy,189,351,280,431,train
740,21_jpg.rf.44180c8b4f1defc0d6c2a2c91e48028e.jpg,640,640,Cotton Candy,280,348,374,427,train
741,21_jpg.rf.44180c8b4f1defc0d6c2a2c91e48028e.jpg,640,640,Cotton Candy,375,253,479,354,train
742,21_jpg.rf.44180c8b4f1defc0d6c2a2c91e48028e.jpg,640,640,Cotton Candy,47,187,168,280,train
743,21_jpg.rf.44180c8b4f1defc0d6c2a2c91e48028e.jpg,640,640,Cotton Candy,155,183,276,277,train
744,21_jpg.rf.44180c8b4f1defc0d6c2a2c91e48028e.jpg,640,640,Cotton Candy,270,168,384,268,train
745,21_jpg.rf.44180c8b4f1defc0d6c2a2c91e48028e.jpg,640,640,Cotton Candy,374,152,429,251,train
746,21_jpg.rf.44180c8b4f1defc0d6c2a2c91e48028e.jpg,640,640,Cotton Candy,432,149,505,252,train
747,21_jpg.rf.44180c8b4f1defc0d6c2a2c91e48028e.jpg,640,640,Cotton Candy,1,154,76,268,train
748,21_jpg.rf.44180c8b4f1defc0d6c2a2c91e48028e.jpg,640,640,Cotton Candy,0,1,81,114,train
749,21_jpg.rf.44180c8b4f1defc0d6c2a2c91e48028e.jpg,640,640,Cotton Candy,72,0,151,121,train
750,21_jpg.rf.44180c8b4f1defc0d6c2a2c91e48028e.jpg,640,640,Cotton Candy,155,3,239,78,train
751,21_jpg.rf.44180c8b4f1defc0d6c2a2c91e48028e.jpg,640,640,Cotton Candy,165,76,247,130,train
752,21_jpg.rf.44180c8b4f1defc0d6c2a2c91e48028e.jpg,640,640,Cotton Candy,245,0,329,116,train
753,21_jpg.rf.44180c8b4f1defc0d6c2a2c91e48028e.jpg,640,640,Cotton Candy,347,4,429,73,train
754,21_jpg.rf.44180c8b4f1defc0d6c2a2c91e48028e.jpg,640,640,Cotton Candy,328,65,415,125,train
755,21_jpg.rf.44180c8b4f1defc0d6c2a2c91e48028e.jpg,640,640,Cotton Candy,412,22,500,127,train
756,21_jpg.rf.44180c8b4f1defc0d6c2a2c91e48028e.jpg,640,640,Cotton Candy,165,312,229,350,train
757,21_jpg.rf.44180c8b4f1defc0d6c2a2c91e48028e.jpg,640,640,Cotton Candy,242,312,337,353,train
762,34_jpeg.rf.444850bdec2335036662e36f75e535a5.jpg,640,640,Cotton Candy Tent,215,354,371,413,train
763,53_jpg.rf.44b2f62a1d0a07393f66fe1602317017.jpg,640,640,Flowers,2,116,638,498,train
766,93_jpg.rf.46edd845ad4cc15bf5bb3de4250c7522.jpg,640,640,Stall,164,246,391,603,train
767,95_jpg.rf.44890182cbbc1fff92354ee84c962c49.jpg,640,640,Box of Products,331,434,391,499,train
768,95_jpg.rf.44890182cbbc1fff92354ee84c962c49.jpg,640,640,Box of Products,303,413,354,481,train
769,95_jpg.rf.44890182cbbc1fff92354ee84c962c49.jpg,640,640,Box of Products,371,356,423,412,train
770,95_jpg.rf.44890182cbbc1fff92354ee84c962c49.jpg,640,640,Box of Products,335,338,385,401,train
771,95_jpg.rf.44890182cbbc1fff92354ee84c962c49.jpg,640,640,Box of Products,325,334,356,390,train
773,37_jpg.rf.476edeb51c0317725e4c418ba62eb85f.jpg,640,640,Flowers,0,31,640,630,train
774,28_jpg.rf.47ccb7a591680f119ea2b71abce13821.jpg,640,640,Flowers,21,124,613,583,train
777,132_jpg.rf.46fbab96c78b8b7c9f21d548515eac31.jpg,640,640,Flowers,46,115,614,640,train
778,37_jpg.rf.49231f6c7166f2db25d46c066b87c8a2.jpg,640,640,Cotton Candy,345,101,458,274,train
779,37_jpg.rf.49231f6c7166f2db25d46c066b87c8a2.jpg,640,640,Cotton Candy Tent,227,369,434,543,train
780,50_jpg.rf.475f50a0a4afe2df6482219b910b062d.jpg,640,640,Different items,488,214,550,334,train
781,50_jpg.rf.475f50a0a4afe2df6482219b910b062d.jpg,640,640,Different items,326,314,527,394,train
782,50_jpg.rf.475f50a0a4afe2df6482219b910b062d.jpg,640,640,Different items,10,327,395,640,train
793,50_jpg.rf.4a332b3dd6a9ac109e4c9a1392667a04.jpg,640,640,Kvas,97,105,474,552,train
795,26_jpg.rf.4aac93cc4b74ad4de3d9bb2dd2a64b79.jpg,640,640,Stall,382,152,597,406,train
796,15_jpg.rf.480b69f812a6b90ff60bae99c6c209fd.jpg,640,640,Different items,346,230,635,416,train
797,15_jpg.rf.480b69f812a6b90ff60bae99c6c209fd.jpg,640,640,Different items,272,357,448,516,train
798,15_jpg.rf.480b69f812a6b90ff60bae99c6c209fd.jpg,640,640,Different items,0,188,229,464,train
799,15_jpg.rf.480b69f812a6b90ff60bae99c6c209fd.jpg,640,640,Different items,218,182,304,319,train
800,32_JPG.rf.4c2d739aa1d7a7f8491eaf754137fedb.jpg,640,640,Trunk,140,80,292,305,train
801,32_JPG.rf.4c2d739aa1d7a7f8491eaf754137fedb.jpg,640,640,Trunk,334,106,418,277,train
802,32_JPG.rf.4c2d739aa1d7a7f8491eaf754137fedb.jpg,640,640,Trunk,431,176,490,291,train
803,32_JPG.rf.4c2d739aa1d7a7f8491eaf754137fedb.jpg,640,640,Trunk,552,172,574,253,train
804,22_jpeg.rf.4d36fa08fa3ff117a85007af6d9f5a46.jpg,640,640,Flowers,283,495,340,626,train
805,22_jpeg.rf.4d36fa08fa3ff117a85007af6d9f5a46.jpg,640,640,Flowers,133,16,464,482,train
806,114_jpg.rf.4d27add0edf3a9ee569793f8481c33f4.jpg,640,640,Flowers,148,77,620,484,train
807,61_jpg.rf.4d611c88b8ebd8a84953d67bdc1b2344.jpg,640,640,Flowers,33,15,556,640,train
810,17_png.rf.4d9ff9ab047579bf4bf0e07d95ecf492.jpg,640,640,Stall Umbr,142,70,493,505,train
812,130_jpg.rf.4f4019cefeac9b348424ddfa62cede27.jpg,640,640,Flowers,49,20,604,623,train
818,34_jpg.rf.4eb8435f3f7892362fca8e5f5d68ac88.jpg,640,640,Flowers,5,34,635,560,train
819,16_jpg.rf.50969b82d28a519b434d8f0f3f45a8d8.jpg,640,640,Flowers,51,52,586,640,train
820,8_jpg.rf.50c28e9a8a6e282669a93a454c48c59e.jpg,640,640,Trunk,462,190,640,475,train
821,8_jpg.rf.50c28e9a8a6e282669a93a454c48c59e.jpg,640,640,Trunk,0,183,229,482,train
823,74_jpg.rf.527919bacf72079927f9794e1be762fa.jpg,640,640,Flowers,170,80,554,568,train
824,31_jpg.rf.52283c174990faeae112a546dcdf2550.jpg,640,640,Flowers,27,11,580,640,train
825,36_jpg.rf.53a6707af0689e42ee83fb8776d43b6b.jpg,640,640,Kvas,1,126,460,559,train
826,1_jpg.rf.5188cda6e3e1a71866457b9401e2ac1d.jpg,640,640,Flowers,23,46,481,604,train
827,24_jpg.rf.56d1e8d5a95e4df484bb3b635ab2187d.jpg,640,640,Different items,108,146,596,497,train
828,24_jpg.rf.56d1e8d5a95e4df484bb3b635ab2187d.jpg,640,640,Different items,236,46,516,84,train
829,24_jpg.rf.56d1e8d5a95e4df484bb3b635ab2187d.jpg,640,640,Different items,259,5,430,36,train
830,39_jpg.rf.5a2893281848795b4489a5c7f36afe2c.jpg,640,640,Cotton Candy Tent,210,90,375,254,train
831,39_jpg.rf.5a2893281848795b4489a5c7f36afe2c.jpg,640,640,Cotton Candy,282,93,351,241,train
832,39_jpg.rf.5a2893281848795b4489a5c7f36afe2c.jpg,640,640,Cotton Candy,179,84,221,184,train
834,5_jpg.rf.59e6792b8d2f86e8901d6dd99891349e.jpg,640,640,Balloons,6,5,475,590,train
835,35_png.rf.587d9a81f202f95f6ffdb107f0806978.jpg,640,640,Flowers,83,7,589,618,train
836,20_jpg.rf.5b13da53bb70093b96f755ed15362158.jpg,640,640,Box of Products,335,371,416,419,train
837,20_jpg.rf.5b13da53bb70093b96f755ed15362158.jpg,640,640,Box of Products,260,359,353,416,train
838,20_jpg.rf.5b13da53bb70093b96f755ed15362158.jpg,640,640,Box of Products,205,334,293,377,train
839,20_jpg.rf.5b13da53bb70093b96f755ed15362158.jpg,640,640,Box of Products,149,327,224,351,train
840,20_jpg.rf.5b13da53bb70093b96f755ed15362158.jpg,640,640,Box of Products,133,354,205,392,train
841,20_jpg.rf.5b13da53bb70093b96f755ed15362158.jpg,640,640,Box of Products,85,349,168,388,train
842,20_jpg.rf.5b13da53bb70093b96f755ed15362158.jpg,640,640,Box of Products,43,341,130,381,train
843,20_jpg.rf.5b13da53bb70093b96f755ed15362158.jpg,640,640,Box of Products,292,351,353,371,train
844,20_jpg.rf.5b13da53bb70093b96f755ed15362158.jpg,640,640,Box of Products,343,356,409,374,train
845,20_jpg.rf.5b13da53bb70093b96f755ed15362158.jpg,640,640,Box of Products,415,348,502,402,train
846,20_jpg.rf.5b13da53bb70093b96f755ed15362158.jpg,640,640,Box of Products,366,341,431,359,train
847,20_jpg.rf.5b13da53bb70093b96f755ed15362158.jpg,640,640,Box of Products,298,320,365,351,train
848,20_jpg.rf.5b13da53bb70093b96f755ed15362158.jpg,640,640,Box of Products,274,283,343,320,train
849,20_jpg.rf.5b13da53bb70093b96f755ed15362158.jpg,640,640,Box of Products,122,275,176,306,train
850,20_jpg.rf.5b13da53bb70093b96f755ed15362158.jpg,640,640,Box of Products,139,230,204,266,train
851,20_jpg.rf.5b13da53bb70093b96f755ed15362158.jpg,640,640,Box of Products,141,260,209,286,train
852,20_jpg.rf.5b13da53bb70093b96f755ed15362158.jpg,640,640,Box of Products,126,302,180,324,train
853,20_jpg.rf.5b13da53bb70093b96f755ed15362158.jpg,640,640,Box of Products,174,295,206,318,train
854,20_jpg.rf.5b13da53bb70093b96f755ed15362158.jpg,640,640,Box of Products,169,279,207,299,train
855,20_jpg.rf.5b13da53bb70093b96f755ed15362158.jpg,640,640,Box of Products,200,365,266,395,train
856,2_jpg.rf.567a6280498114096afbf3118b64f138.jpg,640,640,Balloons,408,108,640,286,train
857,2_jpg.rf.567a6280498114096afbf3118b64f138.jpg,640,640,Balloons,240,146,415,285,train
860,4_jpg.rf.59995a674189fee8a1d24b4cb77a772e.jpg,640,640,Kvas bottle,396,343,445,431,train
861,4_jpg.rf.59995a674189fee8a1d24b4cb77a772e.jpg,640,640,Kvas bottle,392,429,442,520,train
862,4_jpg.rf.59995a674189fee8a1d24b4cb77a772e.jpg,640,640,Kvas bottle,248,269,289,342,train
863,4_jpg.rf.59995a674189fee8a1d24b4cb77a772e.jpg,640,640,Kvas bottle,288,268,305,341,train
884,64_jpg.rf.5a5c86e84175604aa2c587cff6f11954.jpg,640,640,Flowers,90,100,529,602,train
885,48_JPG.rf.5b934cf67b0f29d419d2c5359bb7ab8e.jpg,640,640,Trunk,138,227,522,415,train
887,117_jpg.rf.552988b025ffbe665dbf713ee1a023af.jpg,640,640,Flowers,24,49,622,640,train
888,22_jpg.rf.5742b8896d67bcb47cea14ac64d737fe.jpg,640,640,Different items,0,120,640,640,train
897,22_jpg.rf.540c0b211bdbd8d2252b6cbc3b516c6d.jpg,640,640,Stall Umbr,2,0,311,639,train
898,41_jpg.rf.569427fcd652b4813240b51c4c657dc4.jpg,640,640,Kvas,99,141,421,529,train
899,6_jpg.rf.53b9c203b7f9ba17c784c07e9fbe4167.jpg,640,640,Flowers,0,20,640,640,train
900,143_jpg.rf.562dc820d629375cbccbea7661a1c435.jpg,640,640,Flowers,26,74,607,640,train
905,22_jpg.rf.566189f745d08e4807b4035b48222b96.jpg,640,640,Stall Umbr,282,139,541,492,train
906,22_jpg.rf.566189f745d08e4807b4035b48222b96.jpg,640,640,Stall Umbr,101,166,345,489,train
907,19_jpg.rf.5bfcbf085277929a92ddc56e9c26be20.jpg,640,640,Cotton Candy,213,264,272,353,train
908,19_jpg.rf.5bfcbf085277929a92ddc56e9c26be20.jpg,640,640,Cotton Candy,201,396,283,536,train
909,19_jpg.rf.5bfcbf085277929a92ddc56e9c26be20.jpg,640,640,Cotton Candy,506,431,605,551,train
910,19_jpg.rf.5bfcbf085277929a92ddc56e9c26be20.jpg,640,640,Cotton Candy Tent,310,220,494,467,train
911,106_jpg.rf.5be46675ebe94b11152496d7b4037144.jpg,640,640,Flowers,18,13,594,545,train
912,84_jpg.rf.5be941fc18cf3eaae40a29450e9cdbc5.jpg,640,640,Flowers,0,187,606,640,train
913,30_jpg.rf.5c5155a1d801cc7c3f4d2460cb6d0b16.jpg,640,640,Kvas,37,227,347,605,train
914,12_jpg.rf.5cb42ee555c2f3cd754b979a9bc1beb1.jpg,640,640,Different items,1,41,640,640,train
915,12_jpg.rf.5cb42ee555c2f3cd754b979a9bc1beb1.jpg,640,640,Different items,0,6,264,140,train
916,33_jpg.rf.5cad9da0ceb8ba1cb43b4818f8951dec.jpg,640,640,Balloons,205,122,452,311,train
917,41_jpg.rf.5c7e8355546290323b59874e30bd7e50.jpg,640,640,Cotton Candy,377,324,403,362,train
919,99_jpeg.rf.5d0cba581bc45e998b6d8a4c91d62ee4.jpg,640,640,Flowers,15,8,638,640,train
920,79_jpg.rf.5eaf53768aa6203746c308e136065368.jpg,640,640,Flowers,87,87,517,563,train
963,141_jpg.rf.60890601ce1ba179db147a28f4148898.jpg,640,640,Flowers,84,54,420,358,train
967,102_jpg.rf.61dce636fce6a8090556c6c2c20ee5ee.jpg,640,640,Kvas bottle,268,223,378,364,train
968,102_jpg.rf.61dce636fce6a8090556c6c2c20ee5ee.jpg,640,640,Kvas bottle,466,218,580,359,train
970,36_jpg.rf.63cb365500c2afd7eb775fa2d6dfaa64.jpg,640,640,Balloons,26,60,394,524,train
971,49_jpg.rf.629818a46a1ea21f9467d44ec0e353c2.jpg,640,640,Kvas,12,74,449,551,train
972,39_jpg.rf.61a7e71d87bcbbe8e59b12c8b68a9606.jpg,640,640,Kvas,47,0,455,576,train
973,32_jpg.rf.644a1a22ef15feacc90c60dac6e9e4d7.jpg,640,640,Different items,2,336,640,582,train
974,68_jpg.rf.63b18693299b8d1e95c72fdc1e354004.jpg,640,640,Kvas,254,103,638,597,train
975,56_jpg.rf.6314cd2e1085fed2d738c11e68882369.jpg,640,640,Flowers,13,74,634,632,train
977,97_jpg.rf.65d219e24fc20f872c0e51aa45d18ece.jpg,640,640,Flowers,42,54,597,601,train
978,19_JPG.rf.64182f64bddf6da55e0dd8275634dbf4.jpg,640,640,Trunk,124,117,553,411,train
979,7_jpg.rf.65212b079222bcd88e173338f9c63ce2.jpg,640,640,Cotton Candy Tent,226,305,323,369,train
980,92_jpg.rf.65d9fa2c23b61fc8fe414670a33fa8f5.jpg,640,640,Flowers,37,106,539,603,train
981,3_jpg.rf.66e4905f364b78ba6dcc97e9a8e76157.jpg,640,640,Stall Umbr,28,54,308,445,train
982,3_jpg.rf.66e4905f364b78ba6dcc97e9a8e76157.jpg,640,640,Stall Umbr,296,139,538,441,train
983,13_jpg.rf.67303188b0f6fd4179146712892d6a3a.jpg,640,640,Different items,434,430,639,633,train
984,13_jpg.rf.67303188b0f6fd4179146712892d6a3a.jpg,640,640,Different items,0,479,219,640,train
985,13_jpg.rf.67303188b0f6fd4179146712892d6a3a.jpg,640,640,Different items,367,275,564,443,train
986,13_jpg.rf.67303188b0f6fd4179146712892d6a3a.jpg,640,640,Different items,156,312,238,414,train
987,13_jpg.rf.67303188b0f6fd4179146712892d6a3a.jpg,640,640,Different items,175,134,265,304,train
988,13_jpg.rf.67303188b0f6fd4179146712892d6a3a.jpg,640,640,Different items,297,135,428,268,train
990,47_jpg.rf.66c3086a6a9545754235975397bc06b4.jpg,640,640,Stall Umbr,150,170,566,513,train
992,62_jpg.rf.69291ba03b730be0a3f4735ab45d32b1.jpg,640,640,Flowers,0,15,640,440,train
994,8_jpg.rf.68e2dbe5e3ca581a0bb53185caf7773c.jpg,640,640,Stall Umbr,0,0,623,600,train
995,50_jpg.rf.67edbaa4d26a8ff155826fabed0e78eb.jpg,640,640,Stall Umbr,182,74,429,521,train
996,23_jpg.rf.693a7653fdc7e0e1aee475969ddc1bc5.jpg,640,640,Stall,264,277,427,523,train
997,23_jpg.rf.693a7653fdc7e0e1aee475969ddc1bc5.jpg,640,640,Stall,57,341,197,565,train
998,100_jpg.rf.69b445ec6aca8a234f84e2c73551008d.jpg,640,640,Flowers,59,49,586,640,train
999,5_jpeg.rf.69ac1d8f477b17ccf1b852f78801b81a.jpg,640,640,Cotton Candy Tent,229,227,351,400,train
1002,70_jpg.rf.6d86fa0c53d11cf8cdabccd5f699244d.jpg,640,640,Kvas,191,163,577,610,train
1003,34_jpg.rf.6e172fe52395856c219bc47707f26c1d.jpg,640,640,Kvas,33,56,395,640,train
1004,11_png.rf.6d9b671beca80b405a9f410c5954b237.jpg,640,640,Stall Umbr,5,34,469,531,train
1005,12_jpg.rf.6a48f8a326a2870bbf988798b1bc83d6.jpg,640,640,Flowers,0,0,640,632,train
1007,84_jpg.rf.70c43883c813fda5b6e1ac6f60d9eb26.jpg,640,640,Flowers,53,98,578,614,train
1008,46_jpg.rf.6f44a44a9c691e369157f1fb5ec2dc46.jpg,640,640,Kvas bottle,371,256,416,336,train
1009,40_jpg.rf.71f8dc35645155672da39c6aa43064e0.jpg,640,640,Cotton Candy,382,301,459,376,train
1010,2_jpg.rf.7234998cc4b19b74a03aa8052f802121.jpg,640,640,Different items,228,415,324,530,train
1011,2_jpg.rf.7234998cc4b19b74a03aa8052f802121.jpg,640,640,Different items,241,529,325,589,train
1012,2_jpg.rf.7234998cc4b19b74a03aa8052f802121.jpg,640,640,Different items,331,548,478,607,train
1013,2_jpg.rf.7234998cc4b19b74a03aa8052f802121.jpg,640,640,Different items,448,492,613,608,train
1014,2_jpg.rf.7234998cc4b19b74a03aa8052f802121.jpg,640,640,Different items,422,425,542,488,train
1015,2_jpg.rf.7234998cc4b19b74a03aa8052f802121.jpg,640,640,Different items,0,436,37,556,train
1016,3_jpg.rf.72e6d01a6a47856d951891b550ab90a8.jpg,640,640,Trunk,81,46,552,555,train
1017,48_jpg.rf.725ae5b70bcddba69282b0f15615ce32.jpg,640,640,Kvas,192,176,589,577,train
1018,94_jpg.rf.74ca8b04cd3a7a41b920ee1bfeddb6bf.jpg,640,640,Flowers,169,31,575,568,train
1019,16_jpg.rf.75d2324168bdaafd012a97c5c18489d1.jpg,640,640,Box of Products,0,527,177,640,train
1020,16_jpg.rf.75d2324168bdaafd012a97c5c18489d1.jpg,640,640,Box of Products,6,465,249,595,train
1021,16_jpg.rf.75d2324168bdaafd012a97c5c18489d1.jpg,640,640,Box of Products,114,433,296,528,train
1022,16_jpg.rf.75d2324168bdaafd012a97c5c18489d1.jpg,640,640,Box of Products,457,359,598,455,train
1023,16_jpg.rf.75d2324168bdaafd012a97c5c18489d1.jpg,640,640,Box of Products,480,344,596,386,train
1024,16_jpg.rf.75d2324168bdaafd012a97c5c18489d1.jpg,640,640,Box of Products,312,381,472,460,train
1025,16_jpg.rf.75d2324168bdaafd012a97c5c18489d1.jpg,640,640,Box of Products,159,390,330,483,train
1026,16_jpg.rf.75d2324168bdaafd012a97c5c18489d1.jpg,640,640,Box of Products,0,469,80,527,train
1027,16_jpg.rf.75d2324168bdaafd012a97c5c18489d1.jpg,640,640,Box of Products,0,425,142,475,train
1028,16_jpg.rf.75d2324168bdaafd012a97c5c18489d1.jpg,640,640,Box of Products,31,401,201,441,train
1029,16_jpg.rf.75d2324168bdaafd012a97c5c18489d1.jpg,640,640,Box of Products,59,352,143,413,train
1030,16_jpg.rf.75d2324168bdaafd012a97c5c18489d1.jpg,640,640,Box of Products,116,370,228,409,train
1031,16_jpg.rf.75d2324168bdaafd012a97c5c18489d1.jpg,640,640,Box of Products,211,374,338,406,train
1032,16_jpg.rf.75d2324168bdaafd012a97c5c18489d1.jpg,640,640,Box of Products,522,264,576,309,train
1033,16_jpg.rf.75d2324168bdaafd012a97c5c18489d1.jpg,640,640,Box of Products,249,361,361,384,train
1034,16_jpg.rf.75d2324168bdaafd012a97c5c18489d1.jpg,640,640,Box of Products,197,269,291,328,train
1035,16_jpg.rf.75d2324168bdaafd012a97c5c18489d1.jpg,640,640,Box of Products,451,209,534,261,train
1036,16_jpg.rf.75d2324168bdaafd012a97c5c18489d1.jpg,640,640,Box of Products,291,259,451,357,train
1037,87_jpg.rf.75c2015bed483cc03a4f8aef8ae3e2b4.jpg,640,640,Stall,165,267,453,626,train
1038,44_jpg.rf.765fe7807947007b2d167fa17c891a6d.jpg,640,640,Kvas bottle,363,302,407,400,train
1039,44_jpg.rf.765fe7807947007b2d167fa17c891a6d.jpg,640,640,Kvas bottle,405,300,446,399,train
1040,44_jpg.rf.765fe7807947007b2d167fa17c891a6d.jpg,640,640,Kvas bottle,345,298,363,394,train
1041,40_jpg.rf.77467aeb90396fa4a0c8f0891d54cafd.jpg,640,640,Flowers,87,174,556,640,train
1042,46_jpg.rf.762d5c2592403124d5aced351b32d04e.jpg,640,640,Flowers,18,31,589,556,train
1043,50_jpg.rf.786a05d81f27ccdcf238845c24528de5.jpg,640,640,Cotton Candy,3,377,51,451,train
1044,65_jpg.rf.768470e8a02e8b7ea70d02dcfcc79525.jpg,640,640,Stall,0,185,581,640,train
1045,103_jpg.rf.78e2071a540dc9a49b87c00c688da1e5.jpg,640,640,Flowers,61,13,640,640,train
1046,98_jpg.rf.7957ea81f4968bd4f0648f1f7775acba.jpg,640,640,Flowers,23,15,589,540,train
1047,86_jpg.rf.787d3379829b03cbff261bf72b40109f.jpg,640,640,Box of Products,310,344,402,394,train
1048,86_jpg.rf.787d3379829b03cbff261bf72b40109f.jpg,640,640,Box of Products,462,349,573,396,train
1049,50_jpg.rf.79c572b56de1aae03fa5e471cea3404e.jpg,640,640,Flowers,8,0,598,640,train
1050,6_jpg.rf.7b4e87a44cca5dac31fe3e5a2f82ec24.jpg,640,640,Flowers,88,19,561,639,train
1052,74_jpg.rf.7bdb2daa1f0a427002fc7125ad881f71.jpg,640,640,Kvas,255,157,608,562,train
1053,3_jpeg.rf.7d2c30c128cfe247b503a6d76bfaed84.jpg,640,640,Cotton Candy,218,178,293,348,train
1054,3_jpeg.rf.7d2c30c128cfe247b503a6d76bfaed84.jpg,640,640,Cotton Candy,146,224,239,354,train
1055,3_jpeg.rf.7d2c30c128cfe247b503a6d76bfaed84.jpg,640,640,Cotton Candy Tent,92,270,228,424,train
1057,5_jpg.rf.7dd7550b980509dcc75d744e28a3dd3e.jpg,640,640,Flowers,16,46,618,632,train
1058,23_jpg.rf.7bf7c1c168270639d1fc729e8a771aed.jpg,640,640,Cotton Candy,196,262,283,322,train
1059,23_jpg.rf.7bf7c1c168270639d1fc729e8a771aed.jpg,640,640,Cotton Candy,270,269,350,333,train
1060,23_jpg.rf.7bf7c1c168270639d1fc729e8a771aed.jpg,640,640,Cotton Candy,341,255,420,327,train
1061,23_jpg.rf.7bf7c1c168270639d1fc729e8a771aed.jpg,640,640,Cotton Candy Tent,359,336,489,359,train
1062,4_png.rf.7fac0226916a88414977524873f96c4a.jpg,640,640,Stall,67,194,572,548,train
1063,35_jpg.rf.7ee1c15a599c4901c00ec141d782a7e9.jpg,640,640,Trunk,29,158,293,454,train
1064,69_jpg.rf.7f5f3d74f99d214430de81741cc3cc62.jpg,640,640,Flowers,38,0,584,438,train
1069,3_jpg.rf.813d007965869f136e9b707d951e0933.jpg,640,640,Box of Products,280,307,367,383,train
1070,3_jpg.rf.813d007965869f136e9b707d951e0933.jpg,640,640,Box of Products,262,296,326,366,train
1071,3_jpg.rf.813d007965869f136e9b707d951e0933.jpg,640,640,Box of Products,364,345,397,372,train
1072,3_jpg.rf.813d007965869f136e9b707d951e0933.jpg,640,640,Box of Products,244,304,284,354,train
1073,3_jpg.rf.813d007965869f136e9b707d951e0933.jpg,640,640,Box of Products,201,290,258,336,train
1074,3_jpg.rf.813d007965869f136e9b707d951e0933.jpg,640,640,Box of Products,183,290,221,333,train
1075,3_jpg.rf.813d007965869f136e9b707d951e0933.jpg,640,640,Box of Products,195,353,239,391,train
1076,38_jpg.rf.7fc309d1a34250a291ddc4a485c8d6e8.jpg,640,640,Trunk,84,124,321,564,train
1077,33_jpg.rf.8061d00d83d4719c3a26254b8397b1ab.jpg,640,640,Kvas bottle,100,243,216,365,train
1078,33_jpg.rf.8061d00d83d4719c3a26254b8397b1ab.jpg,640,640,Kvas bottle,431,246,568,399,train
1082,25_jpg.rf.80f39de275ab7fc66b78854ff412b999.jpg,640,640,Stall Umbr,0,99,448,447,train
1084,36_jpg.rf.8175209892e1cf898bec95bb2e94fc66.jpg,640,640,Stall Umbr,232,3,585,640,train
1085,37_jpg.rf.829cf361285c5e944bbd9a6a6c2281f7.jpg,640,640,Kvas,0,11,440,626,train
1086,108_jpg.rf.81804febc9af97933126b2f3f382d237.jpg,640,640,Flowers,0,61,611,612,train
1090,13_JPG_jpg.rf.8237f16fdb300036f67f91c5a94fa1d1.jpg,640,640,Balloons,179,16,467,415,train
1091,135_jpg.rf.81dd3de3cf9254272cfa4017cc975314.jpg,640,640,Flowers,108,92,548,407,train
1092,70_jpg.rf.8246b008e6dc8c72be1047e75f744b4a.jpg,640,640,Flowers,0,14,640,638,train
1098,51_jpg.rf.838de2b7222ab7965833ec2a2edcb8e8.jpg,640,640,Different items,260,389,561,631,train
1099,51_jpg.rf.838de2b7222ab7965833ec2a2edcb8e8.jpg,640,640,Different items,271,336,433,397,train
1100,51_jpg.rf.838de2b7222ab7965833ec2a2edcb8e8.jpg,640,640,Different items,0,438,167,575,train
1101,51_jpg.rf.838de2b7222ab7965833ec2a2edcb8e8.jpg,640,640,Different items,506,337,640,416,train
1102,51_jpg.rf.838de2b7222ab7965833ec2a2edcb8e8.jpg,640,640,Different items,382,293,473,336,train
1103,51_jpg.rf.838de2b7222ab7965833ec2a2edcb8e8.jpg,640,640,Different items,239,319,312,356,train
1104,51_jpg.rf.838de2b7222ab7965833ec2a2edcb8e8.jpg,640,640,Different items,4,338,97,383,train
1105,36_jpg.rf.83ada8d86f6af5833d47d57bacbcebf6.jpg,640,640,Flowers,0,16,640,640,train
1106,6_jpg.rf.84ed1e16adb7400184074857e6d39994.jpg,640,640,Balloons,361,0,604,409,train
1107,6_jpg.rf.84ed1e16adb7400184074857e6d39994.jpg,640,640,Balloons,304,381,569,604,train
1108,6_jpg.rf.84ed1e16adb7400184074857e6d39994.jpg,640,640,Balloons,92,25,326,357,train
1109,10_jpg.rf.83d0a7ce0b467bb6445279a27da7b916.jpg,640,640,Flowers,22,30,640,640,train
1111,83_jpg.rf.84e43382b3061465a30c4aa3e5de67ba.jpg,640,640,Flowers,0,84,525,538,train
1112,68_jpg.rf.85ae4915018d34a1601d4cf263566973.jpg,640,640,Flowers,0,138,640,640,train
1113,45_jpg.rf.86537c61b4d43924cd1a09b3547f1efb.jpg,640,640,Flowers,72,95,612,558,train
1114,87_jpg.rf.863345d716a0e1fd4a1226b69b810827.jpg,640,640,Kvas,174,117,640,639,train
1115,98_jpg.rf.86f9cf6556a932c509fb1b097db1ae9f.jpg,640,640,Kvas,203,223,479,622,train
1116,45_jpg.rf.863f39eb47fc5775d4b8e19d91c78398.jpg,640,640,Cotton Candy,121,138,241,268,train
1117,45_jpg.rf.863f39eb47fc5775d4b8e19d91c78398.jpg,640,640,Cotton Candy,247,96,356,254,train
1118,45_jpg.rf.863f39eb47fc5775d4b8e19d91c78398.jpg,640,640,Cotton Candy,356,112,464,242,train
1119,45_jpg.rf.863f39eb47fc5775d4b8e19d91c78398.jpg,640,640,Cotton Candy Tent,197,252,429,521,train
1120,53_jpg.rf.8938325a02194467ac3f3ff1e5a18a3f.jpg,640,640,Flowers,0,146,640,561,train
1125,54_jpg.rf.8af3da7b5dab7af11e82c2966bfbdb46.jpg,640,640,Kvas,6,113,459,497,train
1126,27_JPG.rf.8bb53bd1c6b2ea7deb1ca9c38eb9612d.jpg,640,640,Trunk,251,156,470,525,train
1148,83_jpg.rf.8d396a6067905bd686b916b1b7442f89.jpg,640,640,Box of Products,194,355,274,407,train
1149,83_jpg.rf.8d396a6067905bd686b916b1b7442f89.jpg,640,640,Box of Products,332,504,476,640,train
1150,83_jpg.rf.8d396a6067905bd686b916b1b7442f89.jpg,640,640,Box of Products,323,286,360,320,train
1151,83_jpg.rf.8d396a6067905bd686b916b1b7442f89.jpg,640,640,Box of Products,245,324,292,357,train
1152,83_jpg.rf.8d396a6067905bd686b916b1b7442f89.jpg,640,640,Box of Products,335,262,374,279,train
1153,83_jpg.rf.8d396a6067905bd686b916b1b7442f89.jpg,640,640,Box of Products,305,250,353,267,train
1154,83_jpg.rf.8d396a6067905bd686b916b1b7442f89.jpg,640,640,Box of Products,305,277,349,312,train
1155,67_jpg.rf.8c3ed5379b3c9842b53f6f310a671da5.jpg,640,640,Stall,52,106,311,599,train
1156,67_jpg.rf.8c3ed5379b3c9842b53f6f310a671da5.jpg,640,640,Stall,333,54,605,602,train
1157,17_jpg.rf.8e620b99be4a8b383ead52d3b8f3a0c8.jpg,640,640,Cotton Candy Tent,242,133,355,295,train
1159,97_jpg.rf.8fbfef4f718b62415254c9111f67fddb.jpg,640,640,Kvas,198,35,562,603,train
1160,12_jpg.rf.91ad8062aefed735474a7aa2c49c388d.jpg,640,640,Flowers,153,24,616,576,train
1161,14_jpg.rf.90ece721c40a756808dcf1f3f025b158.jpg,640,640,Different items,127,336,458,638,train
1162,14_jpg.rf.90ece721c40a756808dcf1f3f025b158.jpg,640,640,Different items,121,222,227,339,train
1163,36_jpg.rf.8f7695ab4a05632463d435d39bafb34e.jpg,640,640,Trunk,62,108,294,344,train
1164,54_jpg.rf.8e35f525ec79f8e4b4d5c6cd05df7f90.jpg,640,640,Flowers,0,0,640,640,train
1165,10_jpg.rf.9168905f198f0395bc40980555736a7e.jpg,640,640,Kvas bottle,239,188,327,349,train
1166,10_jpg.rf.9168905f198f0395bc40980555736a7e.jpg,640,640,Kvas bottle,371,197,459,356,train
1168,19_jpg.rf.921a5c4932e7f2c174df98aa3af0d9d2.jpg,640,640,Flowers,78,36,619,640,train
1169,80_jpg.rf.927e44692baf43171814dfce528e235f.jpg,640,640,Stall,105,205,445,640,train
1170,9_jpg.rf.92d22ef5802e5d781377b3832528ed30.jpg,640,640,Stall Umbr,37,35,415,533,train
1172,9_jpg.rf.92f257e09b9e20ce605a9a73ce3ec8e7.jpg,640,640,Flowers,95,30,545,632,train
1173,10_jpg.rf.92bd5682f08b8df7e96fb6c70cfba779.jpg,640,640,Balloons,75,4,230,314,train
1174,98_jpg.rf.92d3c0b3cf3eefc4fb259772e3fb7ca3.jpg,640,640,Box of Products,156,485,277,623,train
1175,98_jpg.rf.92d3c0b3cf3eefc4fb259772e3fb7ca3.jpg,640,640,Box of Products,278,489,417,639,train
1176,3_jpg.rf.9412274ac9df8a45f30a8cec9cbfa3a5.jpg,640,640,Different items,2,211,468,634,train
1177,3_jpg.rf.9412274ac9df8a45f30a8cec9cbfa3a5.jpg,640,640,Different items,256,134,628,428,train
1178,3_jpg.rf.9412274ac9df8a45f30a8cec9cbfa3a5.jpg,640,640,Different items,73,3,315,189,train
1179,3_jpg.rf.9412274ac9df8a45f30a8cec9cbfa3a5.jpg,640,640,Different items,363,54,581,164,train
1180,3_jpg.rf.9412274ac9df8a45f30a8cec9cbfa3a5.jpg,640,640,Different items,515,126,640,230,train
1181,133_jpg.rf.930a67e1ffda1e9df4df394ee5ec7533.jpg,640,640,Flowers,28,36,614,630,train
1183,49_jpg.rf.9322aef7e2ebdefcb26e8d153e19f52a.jpg,640,640,Different items,5,359,640,640,train
1184,20_jpg.rf.959d9696a2e56771cbafb711595e88e6.jpg,640,640,Balloons,195,0,561,497,train
1185,20_jpg.rf.959d9696a2e56771cbafb711595e88e6.jpg,640,640,Balloons,94,327,206,640,train
1186,21_JPG_jpg.rf.950ac997d42ee8915acbba57143d9b7a.jpg,640,640,Balloons,26,26,516,398,train
1187,12_jpg.rf.9429aaaf52de420bd0c2821873b8c68d.jpg,640,640,Trunk,81,0,601,560,train
1188,45_jpg.rf.95a76f9385451ecc915b246f5b9e2f51.jpg,640,640,Different items,167,399,404,554,train
1189,23_jpg.rf.94fd7c736285b83f51c71e1688fa93c2.jpg,640,640,Flowers,0,53,640,621,train
1191,62_jpg.rf.97d7878d7dad67413071f8d3e73ec187.jpg,640,640,Kvas bottle,356,324,417,447,train
1192,62_jpg.rf.97d7878d7dad67413071f8d3e73ec187.jpg,640,640,Kvas bottle,420,324,479,446,train
1193,82_jpg.rf.9641bf36ae208d196125320af5d2b8fd.jpg,640,640,Flowers,108,90,491,574,train
1194,44_jpg.rf.96c3590bf655e1960561b576e9416224.jpg,640,640,Cotton Candy,240,169,265,215,train
1195,44_jpg.rf.96c3590bf655e1960561b576e9416224.jpg,640,640,Cotton Candy,204,143,239,176,train
1196,44_jpg.rf.96c3590bf655e1960561b576e9416224.jpg,640,640,Cotton Candy,204,178,241,203,train
1197,44_jpg.rf.96c3590bf655e1960561b576e9416224.jpg,640,640,Cotton Candy,203,206,238,234,train
1198,44_jpg.rf.96c3590bf655e1960561b576e9416224.jpg,640,640,Cotton Candy,211,228,248,262,train
1199,44_jpg.rf.96c3590bf655e1960561b576e9416224.jpg,640,640,Cotton Candy,214,257,246,295,train
1200,44_jpg.rf.96c3590bf655e1960561b576e9416224.jpg,640,640,Cotton Candy,231,291,250,327,train
1201,44_jpg.rf.96c3590bf655e1960561b576e9416224.jpg,640,640,Cotton Candy,257,219,294,268,train
1202,44_jpg.rf.96c3590bf655e1960561b576e9416224.jpg,640,640,Cotton Candy,248,130,282,171,train
1203,44_jpg.rf.96c3590bf655e1960561b576e9416224.jpg,640,640,Cotton Candy,223,111,260,152,train
1204,47_jpg.rf.98f40c427e4ae1d22688a95c10e018b6.jpg,640,640,Flowers,15,16,632,636,train
1205,5_jpg.rf.98aa8084d60e55f5adeaff858e02c024.jpg,640,640,Kvas,2,92,437,638,train
1206,7_jpg.rf.95b519fc8d55cd06c9f499b69ac105d2.jpg,640,640,Balloons,112,4,485,272,train
1207,52_jpg.rf.981b820cc57128fe087f14f65eb182ab.jpg,640,640,Different items,79,261,479,639,train
1208,80_jpg.rf.9931c49c9e2c10652d91f724e70c65e7.jpg,640,640,Flowers,16,126,623,556,train
1209,7_jpg.rf.9a127c56f84a3913e55f041e594a1002.jpg,640,640,Flowers,44,71,631,640,train
1210,58_png.rf.99b4ef6feb1fde823dbc53af5ad07acd.jpg,640,640,Flowers,41,1,638,628,train
1211,49_jpg.rf.9bd1f10502731550056560c8dc7eb2ef.jpg,640,640,Cotton Candy,442,297,529,422,train
1212,49_jpg.rf.9bd1f10502731550056560c8dc7eb2ef.jpg,640,640,Cotton Candy,399,242,467,357,train
1213,49_jpg.rf.9bd1f10502731550056560c8dc7eb2ef.jpg,640,640,Cotton Candy,296,281,396,439,train
1214,49_jpg.rf.9bd1f10502731550056560c8dc7eb2ef.jpg,640,640,Cotton Candy Tent,263,273,431,543,train
1216,34_jpg.rf.9a41c6cdfe26b182b90d9708c91c14dd.jpg,640,640,Trunk,122,66,565,481,train
1217,17_jpg.rf.9bd77d0862a23bcfff8b71886b3605b2.jpg,640,640,Kvas bottle,322,240,380,367,train
1220,10_jpg.rf.9c693def1ed9e115255687705ee619b3.jpg,640,640,Stall Umbr,103,52,564,532,train
1223,11_jpg.rf.9d26d83d25804f1841b83db2d270b5b7.jpg,640,640,Trunk,0,5,640,640,train
1225,134_jpg.rf.9da4d85d331f7fe90024595b01cafa2e.jpg,640,640,Flowers,41,28,586,640,train
1226,11_jpg.rf.9ef6c2cd54457c4388be341b9c1225fa.jpg,640,640,Kvas bottle,130,176,227,333,train
1227,11_jpg.rf.9ef6c2cd54457c4388be341b9c1225fa.jpg,640,640,Kvas bottle,332,161,440,328,train
1228,65_jpg.rf.a09cde0843c52e12f8de83aeb9a7f550.jpg,640,640,Flowers,155,20,526,632,train
1229,71_jpg.rf.9e84dfbca80efcc2cb0b05621ad80bde.jpg,640,640,Kvas bottle,388,91,529,293,train
1230,71_jpg.rf.9e84dfbca80efcc2cb0b05621ad80bde.jpg,640,640,Kvas bottle,203,103,320,288,train
1232,21_jpg.rf.9eef402398d35113e347d293987a61bf.jpg,640,640,Flowers,75,39,565,613,train
1233,6_jpg.rf.9f5ec4e58fbb1d81865c2fab7652248e.jpg,640,640,Kvas,104,98,449,539,train
1234,7_jpg.rf.a0722f3b0b7519e9c0e1a7445bdb8671.jpg,640,640,Trunk,299,77,579,461,train
1235,149_jpg.rf.a130e940220fce00231cc4c93c82ef16.jpg,640,640,Flowers,51,156,586,538,train
1236,18_jpg.rf.a13c2a7590ca3ff5f704bedfd38eebf0.jpg,640,640,Flowers,0,0,616,626,train
1237,93_jpg.rf.a1932c2babce539bdf0f2bf1ac5f7e62.jpg,640,640,Flowers,0,18,603,640,train
1238,48_jpg.rf.a0aa62fc8aaa915dbec52a346508b49d.jpg,640,640,Stall,270,273,504,615,train
1239,60_jpg.rf.a0dbc1baf8ae7099370ef67e39f2504d.jpg,640,640,Kvas,30,210,408,576,train
1240,52_jpg.rf.a2595c2e079c5a8dd78c4883f969dd9b.jpg,640,640,Kvas,163,148,573,617,train
1241,24_jpg.rf.a1670b34d9b41eaf3b92911001832e99.jpg,640,640,Stall Umbr,41,162,498,554,train
1242,65_jpg.rf.a25b66c4c1100c4ca908cfae0781718b.jpg,640,640,Flowers,0,118,640,576,train
1244,25_jpg.rf.a29818499164377aa5f277f0e37ef342.jpg,640,640,Box of Products,26,340,149,486,train
1245,25_jpg.rf.a29818499164377aa5f277f0e37ef342.jpg,640,640,Box of Products,161,301,252,401,train
1246,25_jpg.rf.a29818499164377aa5f277f0e37ef342.jpg,640,640,Box of Products,250,295,348,401,train
1247,25_jpg.rf.a29818499164377aa5f277f0e37ef342.jpg,640,640,Box of Products,344,291,402,334,train
1248,25_jpg.rf.a29818499164377aa5f277f0e37ef342.jpg,640,640,Box of Products,431,269,496,295,train
1249,25_jpg.rf.a29818499164377aa5f277f0e37ef342.jpg,640,640,Box of Products,381,274,449,300,train
1250,27_jpg.rf.a44808ea9a9ff023f53ac563d7632be2.jpg,640,640,Flowers,31,0,626,626,train
1251,82_jpg.rf.a4d8fb12264f38e965be6561d3fc485e.jpg,640,640,Flowers,95,38,540,486,train
1252,6_jpg.rf.a3fd439fe404520c95168ad76b9e007a.jpg,640,640,Trunk,216,124,618,484,train
1253,118_jpg.rf.a43bf6575d4517cdc8e19a7dc414071a.jpg,640,640,Flowers,141,18,556,522,train
1254,51_jpg.rf.a4c461654fceca97d5b6b207de523b90.jpg,640,640,Flowers,104,66,638,486,train
1255,91_jpg.rf.a3d7b987396389f77538227ca2b542dd.jpg,640,640,Box of Products,392,438,467,498,train
1256,91_jpg.rf.a3d7b987396389f77538227ca2b542dd.jpg,640,640,Box of Products,425,406,492,467,train
1257,91_jpg.rf.a3d7b987396389f77538227ca2b542dd.jpg,640,640,Box of Products,518,436,599,497,train
1258,91_jpg.rf.a3d7b987396389f77538227ca2b542dd.jpg,640,640,Box of Products,474,426,536,476,train
1259,91_jpg.rf.a3d7b987396389f77538227ca2b542dd.jpg,640,640,Box of Products,492,384,543,427,train
1260,91_jpg.rf.a3d7b987396389f77538227ca2b542dd.jpg,640,640,Box of Products,594,405,640,449,train
1261,91_jpg.rf.a3d7b987396389f77538227ca2b542dd.jpg,640,640,Box of Products,529,395,594,455,train
1262,83_jpg.rf.a458e9ef21e783a0668f3f0784c8a65e.jpg,640,640,Kvas bottle,320,97,427,314,train
1263,83_jpg.rf.a458e9ef21e783a0668f3f0784c8a65e.jpg,640,640,Kvas bottle,134,317,245,567,train
1265,9_jpg.rf.a563591628df05d2b6c93d52b23a4fe5.jpg,640,640,Balloons,1,0,640,230,train
1269,39_jpg.rf.a9c0446877c33f13e797e7cab0d17ba9.jpg,640,640,Trunk,151,24,417,389,train
1270,127_jpg.rf.acf45126e3fdb5a6ff11ae383f7df99a.jpg,640,640,Flowers,0,10,640,635,train
